id,name,category,price,stock,date_added,description,brand
1,Purpose,Electronics,105.57,303,2024-02-24,Score each cause bill scientist nation.,"Henderson, Johnson and Robinson"
2,Mouth,Home & Kitchen,179.6,16,2023-12-22,Night respond red information last everything.,Blake and Sons
3,Save,Toys,232.04,124,2024-08-20,Everyone democratic shake bill here grow gas enough analysis least.,Dudley Group
4,Bar,Home & Kitchen,135.34,131,2023-10-20,Stop peace technology officer relate animal direction eye bag.,Delacruz Group
5,Fall,Toys,146.33,338,2024-08-08,Class great prove reduce raise author play move each left.,Mayo-Bowman
6,Onto,Clothing,357.3,34,2024-02-17,Successful simply director allow firm environment decision wall then fire.,"Porter, Wilkerson and Day"
7,Character,Books,377.32,178,2024-07-14,East no enjoy once today human despite.,Hicks Inc
8,Someone,Electronics,108.66,436,2024-04-18,Check civil quite others his other life.,Maddox-Valencia
9,Activity,Sports,9.51,304,2024-03-27,Race Mr environment political born itself law.,"Liu, Baker and Mason"
10,Could,Home & Kitchen,72.54,262,2024-02-17,That fear police participant check several much.,"Sellers, George and Burns"
11,Brother,Books,373.56,168,2024-04-23,Dream drive note bad rule staff within mouth call.,"Alvarez, Pierce and Baker"
12,Turn,Home & Kitchen,156.82,219,2024-07-29,Who up sense ready require human public health tonight later easy.,Morgan PLC
13,Once,Clothing,49.36,321,2024-06-26,Detail audience piece director town teacher audience draw protect Democrat car very number.,Sanchez-Kennedy
14,Investment,Clothing,387.43,237,2024-05-22,Best issue interest level rock pull worker.,Brown Ltd
15,Group,Beauty,260.06,299,2024-01-26,Eat couple large instead everything economic type.,Morton-Chase
16,Billion,Electronics,284.13,91,2024-02-08,Structure why unit support coach magazine degree husband around her world enter.,Mitchell-Horton
17,Side,Beauty,240.34,481,2024-07-28,Product main couple design around save article finish anyone live try most arm.,"Miller, Lopez and Larson"
18,Republican,Beauty,257.06,242,2023-10-14,Identify walk now often always bank price north first.,Harris-Moran
19,Edge,Books,446.54,11,2023-12-14,Capital population lead upon very act perform none beyond Mrs media.,Mahoney Inc
20,Until,Clothing,456.83,154,2024-08-13,Expect just myself few worker southern more property never use.,Mcmillan and Sons
21,Everything,Electronics,64.69,96,2023-11-05,Score choice example decision garden reach table.,"Freeman, Whitehead and Mathis"
22,Best,Sports,410.19,50,2024-02-17,Stop analysis four capital woman claim kind relationship night born war.,"Mckee, Gardner and Davenport"
23,Pass,Home & Kitchen,356.73,418,2023-11-14,Involve among half value win always group.,"Wright, Garcia and Deleon"
24,Usually,Beauty,104.55,265,2023-12-18,Wind see understand door class son computer include conference under site.,Pham-Shields
25,Talk,Clothing,312.26,246,2024-03-08,City red him although likely current truth glass star.,Walker Ltd
26,Data,Toys,363.68,376,2024-03-30,Everything attorney significant go meeting quickly such former agree theory.,White-Estes
27,Evidence,Electronics,130.33,415,2023-11-23,Others generation skill job worker break tonight.,Scott Ltd
28,Least,Electronics,279.39,23,2024-02-28,Understand Mrs rest score provide hair attorney professional form finish summer rest.,Hunter-Estrada
29,General,Toys,271.69,421,2024-06-28,Never court professor here security community notice image street.,Mitchell-Jordan
30,Particularly,Home & Kitchen,483.85,3,2024-05-08,Let kind degree list top somebody college be middle plan.,Davis-Crane
31,Easy,Sports,434.88,338,2023-12-30,Different current agency each little sure authority increase picture.,Higgins Group
32,Miss,Toys,205.98,60,2024-05-04,Challenge reach throughout team those sing despite sound receive.,Williams-Wright
33,Thus,Electronics,319.87,88,2024-08-22,Card let most next fish sense kind spring throughout interview trade.,Merritt-Manning
34,May,Toys,319.76,308,2024-01-08,Seem style everyone sing machine dream key require doctor.,Flores-Fernandez
35,Certainly,Clothing,387.56,136,2024-02-02,Him check degree increase former letter artist strategy.,Stein-Silva
36,Safe,Electronics,335.49,141,2023-12-14,Herself accept goal send table well industry section national owner determine detail job.,Price Ltd
37,Respond,Beauty,254.82,441,2024-03-14,Right subject try wonder move trade option production base investment term.,Williams Group
38,Generation,Clothing,413.61,436,2023-12-09,Force seven here sell story edge bank affect much yourself glass.,"Jones, Bernard and Williams"
39,Allow,Clothing,405.34,314,2023-12-01,Stuff perform draw list boy way let eight.,Jackson-Lawson
40,Small,Sports,150.58,325,2024-03-16,Sing clearly find official up office traditional.,Sanders-Espinoza
41,Bag,Home & Kitchen,124.59,64,2024-07-27,Drug recent feeling range south someone not American mouth product attention positive actually information.,Garcia-Yu
42,Prove,Beauty,284.71,210,2024-08-19,Religious itself safe whole establish space Mrs low itself room environmental.,Rivas Inc
43,Family,Toys,498.33,126,2024-07-10,Seek now property from management foot maintain great election.,Beard-Haynes
44,Fact,Home & Kitchen,272.2,5,2024-05-19,Might course drop image new drive.,Brewer-Henry
45,Structure,Electronics,56.13,188,2024-08-07,Family identify during professional hard network gas.,"Pierce, Bell and Chavez"
46,Follow,Books,396.78,186,2024-02-24,Building court build movie several continue describe machine.,"Lawrence, Wolf and Carlson"
47,Black,Beauty,412.53,208,2023-10-02,Fast guess few remain call animal approach factor.,Little Group
48,Board,Beauty,46.91,82,2023-12-22,Off light key continue anything wait.,Wilson-Jones
49,Million,Electronics,399.94,280,2023-12-17,Picture approach chance none fight yes budget share paper so difficult mission late.,Evans-Chapman
50,Laugh,Books,41.62,342,2024-03-12,Perform participant science way debate decision produce church community avoid able late order.,Johnson-Roberts
51,Fear,Sports,321.61,325,2024-06-06,Author do enough social operation sound cup boy different chance enter.,Jones and Sons
52,Structure,Books,363.45,382,2024-04-07,See notice eye buy read record wall matter management ball always it focus.,Johnson-Perez
53,Represent,Beauty,387.96,397,2024-05-27,Onto again share start office several compare million kind everything young job sport.,Harrison Group
54,Goal,Books,476.52,310,2023-11-24,Tax form really explain war spend nearly.,Miller-King
55,Business,Beauty,172.8,223,2024-06-22,Ten stay ability thank left approach million performance material kind appear.,Dunn-Pennington
56,Left,Sports,221.92,31,2023-11-06,Building win participant dream citizen nearly need behavior yeah tree left brother.,Jimenez Ltd
57,Film,Home & Kitchen,232.29,99,2024-09-10,Indeed lot line lead certain course out second carry.,Hill Group
58,Grow,Beauty,90.33,287,2024-01-07,Environment able rise study oil process tend land machine forward several help.,Kane-Pollard
59,Edge,Home & Kitchen,369.44,70,2023-10-23,Do simply analysis seat relate specific history professional star wonder.,Hanna-Martinez
60,Performance,Books,264.71,237,2024-01-19,Them key moment lead reveal improve pressure.,Jones LLC
61,Ground,Home & Kitchen,137.86,84,2024-05-23,Power system system teacher here first responsibility service their along attention.,"Cohen, Mitchell and Perez"
62,Believe,Toys,340.6,361,2024-03-12,Set region beyond coach federal ahead food.,Carter LLC
63,Lawyer,Clothing,400.14,247,2024-05-17,Most not society color bad that people drive tree.,Hall Ltd
64,Environmental,Toys,471.51,115,2023-10-03,Project together let explain national available war write federal.,Vaughn-Bryant
65,Five,Clothing,472.52,384,2024-06-25,Table blood high grow fast recognize against stop how account.,"Osborne, Beltran and Lozano"
66,Skill,Toys,63.45,419,2023-11-06,Simply discover soon despite couple economy sense should race.,Fuller Ltd
67,Race,Electronics,400.18,200,2023-10-24,Small almost half capital travel force indeed customer skill.,Schmidt-Mcintyre
68,Then,Clothing,42.97,354,2024-04-13,Trial want whose far that sound life away senior.,Dalton Ltd
69,Represent,Toys,358.29,102,2023-09-30,Hand so add Mr lawyer pull public once state wait board doctor agent.,"Murphy, Bishop and Holland"
70,Prove,Beauty,235.13,55,2023-12-08,Travel few impact cause watch fight manage best thought career law.,"Avery, Horton and Fernandez"
71,People,Sports,260.41,81,2024-04-17,Those pressure street past voice evidence real.,Ramos and Sons
72,Top,Books,115.68,234,2024-04-06,Wonder happen top population art every why.,Davis-Lewis
73,Purpose,Home & Kitchen,445.38,297,2024-06-17,Anything four writer skin day stop.,"Clark, Robinson and Kane"
74,Get,Beauty,453.75,303,2024-07-24,Small other everyone worker would music sometimes.,Guerrero Inc
75,Catch,Electronics,376.05,30,2024-07-31,So draw food company appear score moment second live sing.,"Wheeler, Hayes and Walker"
76,Possible,Electronics,45.22,297,2023-11-10,Feeling poor all your suggest international blue Republican kitchen tonight focus chance.,Hill Ltd
77,Pay,Home & Kitchen,111.98,9,2023-12-04,Herself our far measure involve soldier boy pressure there necessary.,Jordan and Sons
78,Job,Books,444.25,153,2024-08-18,Human role fine fine effort well rather listen before be it.,"Rodgers, Cain and Hawkins"
79,Peace,Home & Kitchen,33.92,157,2024-03-19,Form business government program seek test return why outside goal official defense prevent.,Boone LLC
80,Through,Home & Kitchen,291.02,331,2024-03-22,Boy everything difficult investment night should perform push news participant.,"Gallegos, Adams and White"
81,Scientist,Beauty,373.76,322,2024-08-01,Tv go consider century price attorney scientist will begin.,"Lewis, Barnes and Peterson"
82,Hope,Books,179.5,50,2023-11-03,Since nothing be apply church pay purpose evening product magazine.,Perry-Lewis
83,Music,Electronics,30.47,117,2023-10-26,Involve exist question main project animal house out account feeling.,Saunders LLC
84,Figure,Books,279.42,440,2024-07-24,Account section compare herself region matter street.,Jones-Hensley
85,And,Toys,104.39,121,2024-07-05,Least back fine investment identify policy.,Wilson-Smith
86,Garden,Clothing,213.49,97,2024-07-28,Least ready gun join black job hundred bad that second develop single baby.,"Wilson, Hicks and Bullock"
87,Happy,Books,67.37,96,2023-12-21,Door chair culture own set pretty concern.,"Snyder, Webster and Wolf"
88,List,Sports,299.16,12,2024-01-07,Poor worry follow wife firm key light place someone option goal avoid left.,Brown LLC
89,Ball,Sports,377.25,106,2024-02-01,Past medical leg never social time last.,"Pearson, Morris and Alvarez"
90,City,Electronics,182.62,276,2024-08-19,Billion tonight gas research mean common easy just keep mission city.,Hardin-Hughes
91,Stage,Books,450.99,224,2024-04-12,Appear piece free form newspaper hit edge surface who owner character bank professional.,Collins-Douglas
92,Recognize,Toys,288.14,162,2024-09-06,Organization visit finally heavy social spend prove.,"Osborn, Gaines and Davis"
93,Religious,Toys,220.49,373,2024-01-10,Gun guy Congress degree way main difficult case baby such big side.,"Stephenson, Johnson and Rogers"
94,Space,Home & Kitchen,432.21,398,2024-09-08,Others child Congress realize person total return.,Jenkins Ltd
95,Serve,Clothing,483.98,8,2024-06-16,Particular sell six doctor dream whole six tough create question now.,Murray-Campbell
96,Idea,Home & Kitchen,352.8,372,2024-01-24,Industry class current painting their appear lose he various represent middle by.,Hines LLC
97,Listen,Home & Kitchen,369.97,423,2024-09-05,Store begin treat stage this us increase.,Shaw-Young
98,Beat,Books,434.59,183,2023-10-15,Agreement us stuff practice social case expert stop.,"Guerra, Blake and Harrison"
99,Power,Electronics,255.18,99,2024-03-30,Affect democratic change vote participant institution simply.,Turner Inc
100,Edge,Toys,421.02,94,2023-12-23,Lead book toward others administration middle drop century investment pass drive indicate professor.,Mills LLC
101,Author,Home & Kitchen,471.04,447,2024-08-22,Medical write never hospital like player wonder effect administration small general run.,"Garcia, Perkins and Sherman"
102,Cell,Electronics,415.66,221,2024-05-05,National spend compare single let receive place specific as simply.,Johnson-Harris
103,Strong,Clothing,328.13,24,2024-04-01,Firm financial huge spring list already.,"Lee, Kelly and Norman"
104,Tree,Sports,198.38,282,2024-05-17,Event son join hundred keep what fund cost reality happen.,"Adams, Miller and Coleman"
105,Law,Home & Kitchen,263.14,56,2024-08-20,Nation fly bag produce fill owner international ready.,West-Acosta
106,Which,Books,123.28,480,2024-04-08,Your ever woman way avoid point guy song quickly well central parent sit.,Martinez and Sons
107,Start,Sports,65.09,412,2024-09-03,Gun we allow check last he know baby case happen.,Banks-Wright
108,Build,Electronics,359.49,475,2024-03-01,Material hit no energy employee land you experience.,Gonzalez-Taylor
109,Back,Toys,486.18,29,2023-10-04,Together knowledge because radio suffer floor girl assume.,"Roberts, Evans and Moore"
110,Security,Sports,368.29,140,2023-10-26,Soldier meeting building cut catch so ago network.,Mcdonald-Bird
111,Carry,Home & Kitchen,11.79,89,2024-05-14,Assume huge response long improve important offer.,Compton Ltd
112,Back,Toys,177.21,378,2023-10-05,Quite general there sister policy consider whom item treat area buy.,Torres and Sons
113,Future,Sports,142.12,319,2024-05-26,Generation wait thus suffer economy play nearly by.,Mendez-Davis
114,Put,Clothing,271.13,235,2024-06-07,Walk child probably result painting successful nor stay agreement animal political officer prepare.,"Butler, Fowler and Jimenez"
115,Product,Home & Kitchen,219.22,253,2024-08-06,Politics few each southern image law read citizen indeed.,Harris-Lawson
116,Form,Beauty,128.55,323,2024-03-25,Safe team wish candidate have no five letter environment easy.,Williams Group
117,Treat,Home & Kitchen,99.96,167,2024-07-30,Eat tend civil force officer fine several marriage method material final.,Davis Group
118,Mouth,Toys,276.48,226,2023-12-20,Democrat good anything manager think pressure like Mr suggest.,Anderson-Baker
119,History,Beauty,337.51,221,2024-05-31,Hand hundred now crime network available mean share evidence writer quite.,Anderson Inc
120,Indeed,Books,59.32,403,2024-07-25,Newspaper hand certain own husband American although require sound mind.,Obrien PLC
121,Challenge,Books,473.05,32,2024-07-10,Five hotel pattern successful order medical meeting majority none little admit former body.,Silva-Robles
122,Share,Beauty,202.86,78,2023-11-18,Ago listen whose situation simply officer return on color pick people subject challenge quite.,Armstrong Ltd
123,Break,Clothing,124.14,285,2024-07-22,Kid industry include data maybe particularly.,Salas-Fitzgerald
124,Assume,Sports,222.58,167,2024-04-11,Million night your long heavy what least.,"Peterson, Gomez and Ingram"
125,Set,Sports,337.62,354,2024-04-03,Particular court east newspaper different win father eye debate.,"Burns, Castillo and Castro"
126,World,Beauty,144.5,124,2024-09-04,Explain of myself time house generation significant chair among.,"Miller, Bradshaw and Douglas"
127,Small,Toys,137.56,488,2024-09-06,Dark Mrs usually receive case past only drug.,"Stein, Perez and Hall"
128,Black,Toys,64.45,240,2024-03-26,Response beyond side accept nearly upon imagine various there local.,Avila LLC
129,Full,Books,270.64,135,2023-12-14,Traditional become off movement rich view.,Butler and Sons
130,World,Electronics,273.37,328,2024-04-17,Small control see the face also fear owner up friend lawyer.,"Daniels, Snyder and Mays"
131,Today,Home & Kitchen,243.31,240,2024-04-05,Evening speak former room possible responsibility add front far purpose cover.,"Chase, Prince and Wilcox"
132,Myself,Books,326.13,186,2023-11-02,Husband believe word local very according himself.,Molina-Finley
133,Five,Home & Kitchen,499.87,169,2023-11-02,Activity president realize artist brother fill if maybe time region financial brother trouble.,Richardson-Walker
134,Cell,Toys,119.17,149,2024-05-03,Lawyer writer health reduce tree serious soon.,Gill Ltd
135,Somebody,Home & Kitchen,153.11,40,2023-10-26,Moment month gun true born stock total.,Armstrong and Sons
136,Community,Books,106.44,134,2024-07-11,Kind quite response major together knowledge argue car indeed nor next pull.,Cummings-Foster
137,Technology,Electronics,269.26,427,2024-09-29,Official and general as yes various attorney value.,Mitchell and Sons
138,Specific,Clothing,247.2,497,2024-09-06,Hear through large true help bag who themselves card team budget.,"Long, Anderson and Irwin"
139,They,Electronics,18.25,271,2024-04-20,Without leg rest interest here discover.,Reed-Hill
140,Write,Sports,362.41,494,2024-02-02,Allow produce past view threat drive attack.,"Johnson, Harper and Warner"
141,Anything,Clothing,453.16,282,2024-06-23,I doctor describe tell argue mean.,Young-Hendricks
142,Parent,Books,136.08,66,2024-02-23,Our pull fly few century produce determine feel article we they treatment personal.,Peters-Williams
143,Guy,Sports,411.01,195,2024-06-28,Skill five indicate chance heavy senior list support feeling remain.,Melendez-Hart
144,Keep,Home & Kitchen,297.06,166,2024-07-05,Care drug data position two suggest begin right couple environmental purpose owner.,Lopez PLC
145,Shake,Sports,163.9,273,2024-06-26,Describe decade trade field training deep couple scientist section senior trial receive region.,Herman-Arnold
146,Stand,Books,187.14,171,2024-08-08,Letter possible final growth third letter sort reveal seven floor.,Wood Group
147,Answer,Home & Kitchen,400.97,318,2023-11-30,Scientist administration network once result far cultural discover.,"Whitaker, Porter and Pena"
148,Reveal,Books,444.51,342,2023-10-26,Shake major rich science leave run goal cause national.,Stark PLC
149,Quality,Electronics,186.56,468,2024-02-28,Almost suggest war property share include successful discuss religious across media health.,"Little, Peck and Durham"
150,Receive,Toys,230.3,322,2024-07-14,According necessary activity morning ever within.,Shaw Ltd
151,Represent,Toys,233.65,366,2024-02-22,Blood benefit chance court money spring environment however.,Chung-Stevens
152,Either,Sports,462.51,278,2024-05-25,Feel stock ball yard practice all if help.,Brown-Smith
153,Congress,Electronics,168.41,80,2024-07-18,Suddenly population former with wind thus try discover top realize note even.,Cohen LLC
154,Way,Home & Kitchen,155.62,473,2023-11-07,Probably conference sure administration debate certain star start up federal nor note support.,"Mosley, Rivera and Campos"
155,Challenge,Beauty,150.43,341,2024-04-17,May window approach join stuff future shoulder.,"Sanders, Ayala and Johnson"
156,Explain,Beauty,467.13,320,2024-06-25,Make green wait it quickly produce beat peace something require bank.,James Ltd
157,Class,Sports,264.39,319,2024-08-04,First blood accept final growth especially car cost large never.,Garcia-Davis
158,Once,Electronics,268.03,86,2024-06-25,Our foot history factor hold be top toward within occur college herself catch.,Adams-Thomas
159,Computer,Toys,56.88,248,2024-06-20,Inside machine baby edge east person order crime blood.,Smith-Foster
160,Thought,Home & Kitchen,299.39,85,2024-02-25,Sound forget friend spring teacher wind carry fly water cut.,Thompson-Sanders
161,From,Books,165.9,436,2024-08-06,Whose site for exactly skill half usually customer young conference should agree.,"Murray, Erickson and Gonzales"
162,Film,Beauty,211.21,417,2024-09-21,Standard somebody important material plan drug.,"Moore, Henderson and Bennett"
163,List,Home & Kitchen,128.42,439,2024-08-05,Old move type thank industry already why reduce speech order trial body.,Sandoval LLC
164,Compare,Sports,181.85,221,2024-09-28,And worker quality hundred sell whole involve action else member million oil offer.,Brooks-Ford
165,Respond,Home & Kitchen,62.35,279,2024-02-28,Character young lot far turn beat story role give gas six miss.,Alvarez-Kim
166,Same,Toys,478.18,143,2024-02-14,Attack and represent against gas body son upon scientist might.,"Moore, Castro and Mullen"
167,Each,Beauty,458.98,368,2024-06-23,Picture control price how scene third last involve above Democrat everything.,"Stokes, Brown and Garcia"
168,Try,Home & Kitchen,234.65,285,2023-11-05,Hand culture box provide majority whole finish home.,Matthews-Bailey
169,Through,Toys,203.62,19,2024-09-01,Common purpose song try opportunity public finish draw bring health center home others.,"Reyes, Lopez and Reid"
170,Rule,Sports,279.09,291,2024-09-18,Never majority cell fire late approach grow act.,Lee Group
171,Or,Home & Kitchen,331.57,299,2023-12-09,Important man report kitchen cold not somebody determine allow different eye sit.,"Newton, Cannon and Dunn"
172,Budget,Home & Kitchen,435.47,45,2024-09-24,Environmental myself yard my series service kid.,Fritz Inc
173,Simply,Beauty,484.16,326,2024-08-03,Fear yourself last give stage keep yes simply down.,"Matthews, Bell and Page"
174,Project,Toys,340.7,190,2024-05-29,Pattern size spend south now mother others collection.,"Carter, Armstrong and Farley"
175,My,Sports,221.93,52,2024-02-28,Career seek in arrive everyone pretty reduce.,Wright Ltd
176,Fund,Beauty,433.65,371,2024-06-16,Seven put majority officer environmental increase later plant they.,Powell Ltd
177,Fall,Sports,105.91,353,2024-05-04,Lawyer maintain old than suggest behavior will play recently sure.,"Sanders, Donaldson and Summers"
178,Miss,Books,261.61,380,2023-10-15,Stock front official not magazine gas radio any between six.,Smith-Noble
179,Coach,Toys,418.44,143,2024-05-12,A when dark read car practice city usually ever pressure economy.,Beck-Banks
180,Area,Toys,249.68,248,2024-01-20,Figure record doctor pretty region ability live car difficult quite act receive stage write.,Benson-Woods
181,Drop,Toys,417.53,92,2024-03-24,Room bill finish thing case similar send.,May Ltd
182,Character,Electronics,393.4,317,2024-09-16,None particular clearly goal defense security turn pattern kind describe to cause.,Lawrence Group
183,Have,Toys,126.42,411,2023-11-24,Social easy popular easy over return expect wait agree suggest.,Harris-Lawson
184,Current,Sports,352.97,51,2024-07-25,Far approach today west manager both matter order month within would.,Anderson-Valencia
185,Outside,Toys,473.9,140,2023-11-17,National common likely would authority onto add democratic two we.,Hunter-Fuller
186,More,Beauty,418.42,354,2024-07-28,Interest I policy Mrs check base bad TV window choice force.,"Walters, Davenport and Becker"
187,Attorney,Books,269.05,67,2024-07-16,Role suffer around beat its law participant finally score scientist budget.,"Taylor, Smith and Crawford"
188,Hand,Home & Kitchen,486.41,392,2024-09-16,Situation result cold camera sit environmental though sign ahead southern evening ask.,"Proctor, Burton and Crawford"
189,Much,Books,419.75,491,2024-02-06,Matter note happy effort bill off.,"Wilson, Yang and Smith"
190,Town,Beauty,301.43,132,2024-05-27,Each line him change use tax.,"Pratt, Klein and Rios"
191,Door,Books,81.06,447,2024-06-26,Indicate result even back head maybe top conference source.,Finley Inc
192,Understand,Toys,221.82,345,2023-12-08,Similar financial beat lead hard factor six science drug.,Vargas-Snyder
193,Spring,Beauty,148.21,24,2024-01-17,Run national somebody character usually agency must player.,"Wiley, Tapia and Smith"
194,Really,Toys,201.4,35,2024-01-15,Billion morning draw man art young Republican behavior TV.,"Gutierrez, Huang and Ellis"
195,Small,Electronics,397.92,149,2024-01-15,Believe card star avoid nothing itself who door end fire song red save.,Chavez-Hall
196,Yet,Clothing,75.34,371,2023-09-30,Sister once choice clearly letter image movie.,Hayes Group
197,Evidence,Beauty,398.95,250,2024-09-15,Bed space fight relate owner Democrat task.,Davis and Sons
198,Heart,Toys,286.88,127,2023-12-24,Any federal star community weight take new nearly behind big soldier building.,Greer and Sons
199,Case,Clothing,411.53,216,2024-09-06,Head piece popular old else spend against ask total kitchen can.,Martinez-Dunlap
200,Apply,Clothing,129.19,1,2023-12-16,Item right many him interview government traditional every land chance pass pay positive.,Jenkins-Pierce
201,Ask,Electronics,270.31,11,2024-01-02,Him information poor something eat yes myself affect him.,"Howard, Stephens and Washington"
202,While,Home & Kitchen,328.75,375,2024-02-06,Focus establish ago others ahead specific exactly speak line group once do.,Garcia Ltd
203,Effect,Books,445.1,236,2024-09-11,Staff true argue you detail suffer something great stuff suddenly compare or.,"Wolfe, Sloan and Johnson"
204,School,Books,55.02,272,2024-09-22,Nor none could write think man finally make bed discussion despite money a.,"Harris, Anderson and Love"
205,Why,Beauty,80.47,367,2024-05-21,Arrive challenge relate center book money half authority relate product.,"Garcia, Turner and Taylor"
206,Coach,Sports,32.03,85,2024-01-27,Social whether power company why really up skin development open compare.,Gross-Phillips
207,Cost,Sports,25.19,410,2024-01-12,We we hot yes whole allow.,"Flores, Lamb and Carr"
208,Purpose,Home & Kitchen,335.72,332,2023-10-28,View cell seat draw word collection those.,Underwood Ltd
209,Purpose,Sports,430.26,223,2024-08-24,Land enter economic attack either blue ability history run why.,Snyder-Gray
210,Office,Toys,389.92,337,2024-08-05,Stock small official serve difficult later son.,Phillips LLC
211,Every,Electronics,229.13,372,2024-07-29,Game thousand claim avoid walk within.,Wheeler-Austin
212,Meeting,Sports,166.7,81,2024-02-04,Issue president parent its approach former.,Ortiz PLC
213,Seven,Sports,148.05,60,2023-11-17,Enter example down anyone occur style child guess into far product outside.,Davis and Sons
214,Conference,Sports,34.32,315,2024-01-26,With list break size likely thus enter politics hold.,Mcclure-Wood
215,Like,Electronics,157.53,394,2024-08-19,Keep enjoy student nor character recent benefit property space.,Arellano-Lawrence
216,On,Electronics,22.31,210,2023-11-14,Stand industry movement term little think live bad total research.,"Duncan, Black and Duncan"
217,Pressure,Clothing,391.43,453,2024-07-10,We last we cold deep cover amount.,Mcneil Group
218,Defense,Beauty,336.27,49,2024-04-21,Challenge organization floor road southern beautiful news need task mind true actually red onto.,Rodriguez-Hernandez
219,Our,Home & Kitchen,354.89,414,2024-03-28,Serve vote understand none big experience movie gas improve him magazine participant also.,Powell-Montgomery
220,Responsibility,Sports,238.74,226,2023-11-10,Although threat former down second TV today after stage field exactly.,Garrison-Cohen
221,Trouble,Clothing,196.35,174,2024-03-28,Feel season similar fly rock painting become.,Lewis-Holloway
222,Sit,Toys,307.55,31,2024-03-12,Test start middle city find medical career surface these ahead cover strategy.,Wright Group
223,Apply,Books,9.52,208,2023-12-24,Ever statement measure play buy air head order.,Horne Group
224,Peace,Home & Kitchen,222.37,223,2024-04-21,General study else store bed agree anyone take sister Democrat.,Holland Ltd
225,Design,Books,81.14,297,2023-12-15,Message ten whose radio listen car community song difference part wall.,"Rasmussen, Day and Coleman"
226,However,Beauty,349.27,43,2023-10-23,Learn design few minute perhaps once account yourself whom style.,"Holland, Lynch and Evans"
227,Box,Toys,408.0,167,2024-05-09,From everybody foot everybody prevent weight.,"Evans, Hernandez and Cannon"
228,We,Electronics,54.15,192,2024-05-07,Identify floor cause agent market fast trade identify say on yes staff gas.,"Walker, Nichols and Glover"
229,What,Sports,18.55,462,2024-08-06,Medical suddenly subject theory Congress best campaign else space several.,Arroyo LLC
230,Real,Electronics,297.2,212,2024-05-28,Great season film small former end family surface.,Brown-Walters
231,Partner,Home & Kitchen,138.47,457,2024-09-08,Line create build quite morning including.,Taylor and Sons
232,Guess,Toys,435.9,389,2024-08-17,Throughout would century television Congress ball forward would finish around later decide similar.,"Duran, Burns and Gallagher"
233,Behavior,Clothing,350.91,199,2024-07-15,Its investment investment local above move room wear throughout series most adult above.,"Wright, Steele and Cooper"
234,Carry,Electronics,497.96,168,2024-03-31,Me fill assume animal way lay minute model its rather.,Cooper Group
235,Her,Beauty,120.07,305,2023-10-15,Close trade speech affect difference world deep against.,"Jackson, Richardson and Santos"
236,Always,Toys,283.35,439,2024-03-03,Side perhaps order answer blue structure answer break know.,Kelley Group
237,Science,Clothing,334.69,355,2024-02-16,Receive piece feeling product production establish paper case.,Hunt PLC
238,Buy,Books,33.24,242,2023-12-01,Size marriage participant sing story win group.,Phillips-Williams
239,Model,Clothing,129.51,325,2024-04-10,Former able public trade structure protect chance bed memory rich big eight.,Bryant LLC
240,Everything,Toys,41.24,106,2023-10-18,Between company always fact soon fine.,"Wilson, York and Zamora"
241,Act,Beauty,318.41,96,2024-09-09,Professional color group just perform there behavior.,White-Morales
242,Loss,Books,125.06,454,2023-11-27,Ready long instead though coach car risk word such billion.,"Webb, Carroll and Kim"
243,Popular,Toys,436.06,451,2024-01-16,Particularly television they road through low maintain thought key as.,"Edwards, Bush and Gregory"
244,Speak,Sports,383.18,143,2024-03-14,Rich difference what their mind read peace item risk loss professional political chance.,"Mcclain, Salazar and Smith"
245,World,Clothing,129.96,452,2024-09-07,Support system thank avoid man drive wife anyone development poor idea dog.,Wallace-Berry
246,Behavior,Beauty,346.18,293,2024-05-27,Language budget market president bill include news a before page people fight.,"Hart, Pena and Bryant"
247,Growth,Books,376.96,390,2024-06-30,Staff such forward should outside respond.,Baldwin-Wilson
248,Song,Sports,100.61,329,2024-04-04,Able great plant son natural hear blood to.,Taylor-Love
249,Set,Toys,188.49,57,2023-10-22,Effect cultural building system democratic station course.,Rodriguez-Perry
250,With,Sports,139.46,152,2024-03-13,But through leader operation mean white above save network item one under sit.,Holt and Sons
251,Side,Beauty,344.67,34,2024-01-03,Billion price paper focus thing industry participant.,"Farmer, Hill and Stuart"
252,Financial,Toys,427.25,77,2024-09-04,Catch owner though mention successful natural finish.,"Walls, Chen and Harris"
253,Probably,Sports,157.05,411,2024-07-13,Rather TV car report window concern my PM report.,Hart-Aguilar
254,Yes,Sports,51.32,405,2024-04-11,Purpose throw move there institution actually blood herself apply argue environment.,Terrell Ltd
255,Enough,Clothing,192.55,499,2024-09-10,Real far send allow sport bill.,"Stevenson, Hancock and Newton"
256,Option,Toys,430.19,65,2023-11-28,Memory someone receive realize another high indicate small rate.,"Brown, Manning and Harris"
257,Trouble,Beauty,440.12,208,2024-04-05,Stop treatment relate positive sense national owner simply who family concern.,"Jones, Rivers and Moss"
258,Call,Toys,492.76,352,2024-01-04,Investment news candidate once effort form.,"Pineda, Williams and Mcfarland"
259,Picture,Electronics,320.36,5,2024-02-05,Past product make of group six fish detail contain attention measure indeed Mr begin.,Ware Ltd
260,Glass,Books,399.23,32,2023-11-25,Family wear peace little no sell power boy generation drive.,"Austin, Oliver and Haley"
261,Rest,Books,401.4,230,2024-07-09,Trouble war history music executive treat state heart sort knowledge.,Phillips Ltd
262,Data,Books,46.04,455,2024-09-10,Bank benefit will significant mouth phone decision picture defense rate structure day.,"Johns, Figueroa and Graham"
263,Technology,Electronics,219.92,251,2023-10-26,Agency response also available concern edge audience.,Bartlett Group
264,Important,Toys,476.0,342,2024-05-06,Identify first hope brother accept result as second animal summer group me face rate.,"Miller, Hubbard and Kim"
265,Indicate,Beauty,191.71,478,2024-09-27,Listen mouth carry hospital something nation.,"Thomas, Byrd and Sloan"
266,Stuff,Beauty,158.6,47,2024-04-23,Whatever action themselves center among of hour natural be decide.,"Berger, Cooper and Gutierrez"
267,Race,Beauty,5.09,335,2023-10-12,Central contain pattern education boy provide note approach seem wrong nature popular.,Roberts Inc
268,Enough,Electronics,229.3,367,2023-11-02,Rise maintain former campaign pretty beyond people too.,Tucker-Murphy
269,Receive,Books,266.8,340,2024-03-19,Charge note space when collection finish size Republican political everybody growth quickly former.,Ford-Howard
270,Focus,Toys,409.46,477,2024-01-16,Board population bank exactly step through cultural safe phone road throughout support place.,"Riley, Hammond and Lewis"
271,Although,Home & Kitchen,75.9,107,2023-12-18,Myself your line simple hand development sign run fact.,Mason-Davis
272,Himself,Home & Kitchen,13.61,49,2023-10-10,Production summer southern pass coach method.,Moore-Knight
273,Others,Sports,93.79,14,2024-08-13,Save low grow despite maintain as hard.,Barnett PLC
274,Whatever,Beauty,357.11,14,2023-12-14,Hold truth thing always possible billion why plant event score.,"Stephens, Thompson and Valdez"
275,History,Home & Kitchen,490.05,64,2024-09-26,Might heavy trade might good test.,Sparks-Eaton
276,According,Home & Kitchen,407.94,77,2024-09-22,Key discover method exactly change church own.,Guerrero Group
277,Talk,Books,162.82,189,2024-05-26,Loss long decision claim street against amount.,"Vargas, Taylor and Hunt"
278,Vote,Home & Kitchen,119.43,120,2024-06-25,Argue election conference when out nor affect.,"Luna, Nicholson and Valentine"
279,Direction,Toys,401.91,232,2024-04-16,Yeah test color store over some star consider process enough right garden law.,"Jones, Gray and Anderson"
280,Admit,Clothing,176.84,391,2023-12-23,Teacher mean information change benefit live pass although six me brother lot.,Winters PLC
281,Their,Electronics,387.98,349,2024-03-28,Miss have analysis morning director sort smile high open scientist seven.,"Johnston, Coleman and Scott"
282,Space,Clothing,273.88,94,2024-03-01,Exist theory impact country remember smile official.,Meyer Group
283,Real,Clothing,441.16,102,2024-02-02,Impact blood international one end movie north partner yeah however.,Gutierrez PLC
284,Meeting,Clothing,203.13,483,2023-10-31,Next low write officer similar huge catch tell budget discover.,"Avery, Garcia and Romero"
285,Stock,Books,76.44,246,2024-02-02,Pass range appear home player source statement likely outside because enjoy he participant.,"Cruz, Joyce and Mendez"
286,Near,Books,443.8,290,2023-10-28,Arm similar compare manager action sure us million crime six member recognize past.,"Johnson, Allen and Smith"
287,Coach,Electronics,470.75,334,2024-04-11,Sister good house only military say attention bed expect.,"Herman, Bailey and Richmond"
288,Factor,Clothing,122.94,197,2024-08-31,White lawyer identify above company media next me future bring message election Mrs.,"Wright, Ramos and Bennett"
289,Member,Beauty,180.01,34,2024-03-16,Serious which learn leave only agree break attack plant.,Rhodes and Sons
290,Such,Books,423.79,7,2024-03-26,Western might act strategy eat behavior purpose start away use live.,Robinson-Berry
291,Cover,Sports,68.73,197,2024-05-19,Material current save their deal dark economic peace.,Maxwell Inc
292,Wife,Electronics,374.73,321,2024-05-30,Pass share must amount lot per manage world to than make worker.,"Ramirez, Walker and Ray"
293,Arm,Home & Kitchen,8.73,44,2023-10-17,Long must maybe hour rather company with recently least ready activity.,Gray Inc
294,Gas,Books,53.37,202,2024-07-19,Technology cost enjoy especially when gas contain interest industry sell half hundred late.,"Anderson, Johnston and Perez"
295,Black,Sports,159.43,94,2024-09-13,Sound new task cultural son school list act instead.,Cowan Ltd
296,Nation,Home & Kitchen,396.77,440,2024-01-26,Size feel no nothing huge real art sport live picture.,Garner-Green
297,Here,Home & Kitchen,260.41,343,2024-04-08,Use election after building test white current office power company sister great pull.,Hampton-Griffin
298,Bar,Toys,120.26,62,2023-12-13,Expert place certain cold space front piece occur support author class direction first.,Page-Jacobs
299,Indicate,Books,218.03,450,2024-03-28,Sit voice security minute late cold take by doctor edge season.,"Miller, Jackson and Garcia"
300,Attack,Toys,352.97,151,2024-03-04,Approach side model you billion peace base use hope director scene kitchen call.,"Roberson, Johnson and Alvarado"
301,Traditional,Books,268.65,304,2024-08-21,Level that various nature career way much opportunity lead see theory itself.,"Fowler, Collins and Reed"
302,Notice,Clothing,108.06,35,2023-12-20,Kind hand employee field a spring summer.,Mitchell-Nichols
303,Rise,Toys,222.41,120,2024-08-20,Federal she something others someone nature country think join economic resource position.,Walker-Miller
304,Process,Clothing,114.58,359,2023-10-13,Share travel space range expect sea speak include table consumer face PM.,"Chavez, Graves and Vasquez"
305,Full,Electronics,429.76,266,2024-05-20,Anyone movement control bill especially resource road.,Davis Inc
306,Minute,Clothing,394.33,446,2024-04-21,Inside size marriage he recent all bag seek certainly entire.,Jones-Harrison
307,Dark,Beauty,37.26,69,2023-10-15,Stage stock business should eat side kitchen scene almost.,Moss-Davis
308,Reduce,Clothing,499.49,283,2023-11-27,Home which view city rock seat near business loss federal growth appear.,"Robinson, Rodriguez and Chen"
309,Garden,Electronics,98.69,390,2024-06-25,Some once how during why ok real read.,Watson Inc
310,Energy,Clothing,252.25,192,2024-04-23,Before peace us young personal art popular red social call discussion word.,"Sherman, Trujillo and Gonzales"
311,Data,Electronics,253.71,474,2024-09-28,Group care together magazine join far recent couple cost girl.,"Mcdonald, Dillon and George"
312,Traditional,Home & Kitchen,154.91,211,2024-07-06,Attention choice fast enjoy happen a point here.,Andrade PLC
313,Tough,Books,408.9,418,2023-10-08,Draw return probably much hold model marriage necessary party follow political book model.,Williams and Sons
314,Could,Beauty,488.85,210,2024-07-17,Dark magazine better number student price.,"Hanson, Garza and Williams"
315,Do,Home & Kitchen,113.02,182,2024-07-03,Actually TV pretty up story life.,"Brown, Grant and Hurley"
316,Just,Beauty,227.89,186,2024-09-18,Some around pay more same strong back democratic mind big.,Schmidt and Sons
317,Data,Home & Kitchen,309.25,424,2024-07-30,Now way next newspaper second short office purpose reflect.,Andrade-Jackson
318,Couple,Home & Kitchen,252.79,72,2023-10-02,Measure price move outside value total nearly you suddenly include plan.,"Morris, Allen and Gardner"
319,How,Beauty,247.29,179,2024-04-02,Unit effect which language however risk work other military year few feel develop.,Smith-Short
320,Road,Beauty,206.61,234,2024-09-10,Try memory number occur behind leave choose enter threat.,Hall LLC
321,Best,Home & Kitchen,352.39,250,2023-11-28,Notice design baby foot lot major together reflect standard believe politics.,Cross PLC
322,I,Electronics,163.98,125,2024-01-06,Two free they its us building.,Adkins PLC
323,Without,Electronics,88.77,332,2024-06-19,Him fight American music change maybe determine anything rule hotel knowledge organization measure develop.,Hartman-Hernandez
324,Great,Electronics,419.92,487,2023-11-13,Number any human be maybe similar candidate care nice maintain present cultural.,"Shea, Warren and Allen"
325,Exactly,Beauty,371.42,170,2024-07-28,Food under become public interest give fly order agency fight write.,"Underwood, Lang and Hanson"
326,Let,Electronics,235.75,20,2024-08-15,Current health serious table both approach we unit.,Smith-Benson
327,Bring,Books,411.09,227,2024-03-01,Likely forward science deep national seek nature performance yeah reason property.,Aguilar-Alvarado
328,Animal,Books,47.02,91,2024-02-01,Art customer recent even let war at produce.,"Christian, Keller and Lin"
329,After,Books,15.45,110,2024-04-26,Discuss herself with between firm term mother cost may leader.,"Smith, Wright and Moreno"
330,Goal,Toys,308.65,267,2024-08-22,Season adult range green few you without every artist election hit.,Raymond LLC
331,Down,Clothing,45.25,421,2024-01-19,Today prevent because him whether partner personal dinner drive check.,Browning-Murphy
332,Occur,Clothing,29.93,8,2024-04-01,Present ok range dark catch read together travel.,Forbes-Daugherty
333,Check,Sports,287.61,148,2023-10-05,True fish newspaper we brother fish they risk she they increase in kitchen.,"Mahoney, Hill and Maxwell"
334,Both,Clothing,317.46,363,2023-12-28,Ago worry pay paper partner others discuss ago.,Watts Group
335,Center,Home & Kitchen,241.32,28,2024-02-18,Light power contain hold listen clearly difficult impact why understand wear development provide.,Todd Inc
336,Cost,Toys,249.69,208,2024-05-03,Majority foot leader east if among save herself fine particularly score order modern.,"Buchanan, Meyer and Hayes"
337,The,Electronics,418.63,190,2024-04-07,Million how same newspaper might piece any fact huge.,Ayala-Mitchell
338,Compare,Toys,215.01,115,2023-12-18,Party approach might central stop later reveal both single.,"Payne, Long and Morris"
339,Ago,Clothing,451.47,216,2024-04-05,Opportunity Republican dark lawyer economic reality trade someone responsibility but box.,Walters-Miller
340,Second,Toys,368.2,362,2023-10-23,Partner civil nearly analysis color friend the television class certain shoulder anything.,Collins-Mack
341,Like,Books,91.17,351,2023-12-28,Congress together whether about she activity marriage material space part management describe process law.,Miller-Greene
342,Election,Home & Kitchen,323.47,77,2023-11-28,People newspaper stay any challenge president already take project.,"Evans, Knapp and Williams"
343,Keep,Clothing,205.07,183,2023-11-20,Public particularly reality organization skin concern lay often.,Davis LLC
344,Future,Books,28.7,197,2024-02-02,Star serve successful assume likely business teacher forget including decide.,Salazar Inc
345,Owner,Sports,461.6,173,2024-04-06,More because right painting small religious interview summer employee offer perhaps until pass market.,"Welch, Vasquez and White"
346,Poor,Clothing,211.29,231,2023-12-24,Without ability agency personal brother summer son yourself increase.,Bailey-Shaffer
347,Difference,Electronics,153.08,281,2024-07-02,Real effort attack feel nearly short box four.,Ramsey-Gilbert
348,Air,Beauty,128.73,414,2024-01-12,Create street two look listen along career choice.,Mcclain-Herrera
349,Government,Toys,374.04,225,2024-04-02,Until argue minute north question new affect officer forward trouble somebody.,Montes LLC
350,Though,Electronics,52.91,48,2023-12-03,Worker phone success number hope organization ten seem relate fire.,Nelson Inc
351,Model,Clothing,89.29,165,2024-06-18,Later week democratic few born size sing tree kitchen agent.,Stein-Moore
352,Grow,Toys,205.41,82,2023-12-04,Financial force show better word might yeah day already hold ten break.,Randolph-Mcdaniel
353,Phone,Beauty,66.88,95,2024-04-28,Four threat billion she seat against serve.,"Mcclain, Flores and Lee"
354,Factor,Home & Kitchen,334.76,308,2023-12-19,Significant provide evening church boy when nice bill my near.,Thomas-Bush
355,Federal,Home & Kitchen,23.69,279,2024-05-07,Commercial find throughout music anything ahead tough anyone himself.,Simmons and Sons
356,Sea,Home & Kitchen,449.81,24,2024-06-25,Picture real knowledge green forward cup serve speak bad type share nothing behavior.,"Mcdonald, Bryant and Cohen"
357,See,Beauty,259.51,72,2024-06-07,Like water century time election guy contain true form team foot.,Johnson-Alvarez
358,Have,Toys,177.77,207,2024-01-28,Suffer executive give offer meet if research blood news audience few.,Morales-Gutierrez
359,Pressure,Clothing,364.86,448,2024-07-23,City lot at decade really issue woman note garden reason community prove school.,"Andrews, Tucker and Vargas"
360,Major,Books,17.17,99,2024-07-09,Best knowledge final image our rate others star force population article design catch.,"Berger, Fields and Smith"
361,Choice,Sports,14.84,453,2024-08-17,Laugh factor past language day theory feel.,"Torres, Harding and Graham"
362,Whole,Books,159.88,434,2024-03-23,Old particularly member summer system artist too.,Smith PLC
363,Tend,Books,223.94,217,2024-03-23,Technology tend dog reduce hour fish him.,Graham-Clark
364,Consumer,Toys,179.83,82,2024-04-22,Could his under style child young prove.,Smith Ltd
365,Admit,Clothing,352.97,95,2024-09-23,Price window career case south team throw receive us perhaps lawyer interest.,Cruz-Perez
366,Language,Home & Kitchen,259.91,371,2024-07-19,Official suggest door maybe improve national.,Johnson-Johnson
367,Meeting,Sports,350.65,325,2024-06-11,Both loss real center rule worker worker single let back.,"Davis, Kennedy and Harmon"
368,Relate,Electronics,105.91,415,2024-02-23,Something fine apply gas sing light mention light safe inside whether sometimes.,Jackson-Neal
369,Picture,Sports,258.23,480,2023-10-09,Risk nor article list college appear wrong speak person.,Washington-Martinez
370,Ball,Beauty,138.19,423,2024-05-07,Edge past every either scientist page travel school process.,Morton-Green
371,School,Clothing,266.52,160,2024-07-11,Congress month almost worker whose other start study sell include himself produce.,"Walsh, Clark and Navarro"
372,Hair,Electronics,101.41,160,2023-10-13,Sense break cold human feeling second sell mouth here.,"Price, Baker and Moreno"
373,Learn,Electronics,450.37,40,2024-03-19,Until large question which raise American truth PM what.,Bishop-Pearson
374,Explain,Books,29.78,2,2023-11-18,Environment better pressure hospital significant see same open crime.,Byrd-Kaiser
375,Form,Home & Kitchen,40.97,48,2024-02-11,Pull story activity best billion land.,Hardy LLC
376,Data,Electronics,79.4,293,2023-10-13,People arm order thus describe outside.,Erickson Inc
377,Before,Beauty,38.88,315,2023-11-09,Candidate prevent tonight not whose to receive education level view police two everybody.,Schwartz-Contreras
378,Speech,Books,39.11,264,2024-09-23,Class available since him four art western enough key.,Krause-Gonzalez
379,Increase,Clothing,155.33,109,2023-12-29,Board music issue pass blood kid else alone audience road since affect.,Hernandez-Bowman
380,Worker,Electronics,239.21,272,2024-03-08,Entire record toward off middle vote make job such sit.,Fernandez Inc
381,If,Sports,306.24,407,2024-01-14,Building movement yard four field area young positive half table future subject.,Holland-Thompson
382,Among,Toys,174.05,364,2024-07-20,Federal hope blood read main those just country.,Lee Ltd
383,Personal,Clothing,319.98,435,2024-01-31,Home society poor matter who speech whom administration fund front return if.,Roman Ltd
384,Necessary,Toys,432.92,327,2024-07-30,Chance often under already center president likely truth animal red candidate common.,Conway Inc
385,Loss,Home & Kitchen,497.19,437,2024-01-10,Structure ask stage box organization past as dark.,Cain-Hendrix
386,Resource,Toys,180.3,175,2023-12-26,Building range national focus who degree animal community as event.,Jackson-Wood
387,Community,Toys,210.98,418,2024-07-02,Understand American beyond suggest partner sing administration main according.,Howe Ltd
388,Reach,Home & Kitchen,361.38,410,2023-10-16,Indicate southern significant realize deal policy mission include visit.,"Holt, Carlson and Love"
389,Population,Electronics,305.01,193,2024-08-14,Step feeling industry newspaper court worry with peace television would medical less phone decade.,Lee and Sons
390,Reveal,Beauty,243.32,423,2024-04-02,Marriage civil two approach hair decide edge pattern three law bit appear.,"Thompson, Floyd and Washington"
391,Business,Electronics,422.51,279,2024-03-16,Return or for cup quality for single for better.,"Gutierrez, Gonzalez and Vance"
392,Back,Toys,402.53,200,2024-05-28,Machine three certain until lawyer hold carry rest place wish dark camera realize.,Ramirez Inc
393,Together,Toys,228.75,420,2024-08-08,Industry set detail far church some well town official need discover.,Vincent-Burns
394,Direction,Home & Kitchen,233.97,178,2024-03-16,Student evidence role save east force often through option chance off above.,Williams Group
395,Similar,Beauty,188.82,459,2024-09-14,Almost most look something start laugh drive next actually rule wear car.,Allen-Duarte
396,Admit,Toys,296.58,218,2024-02-05,Class learn now on with less catch reflect continue.,Sims-Padilla
397,Ability,Beauty,118.62,176,2024-01-31,Audience throw four allow international especially watch my some skin ball thing save area.,"Cox, Williams and Reyes"
398,Make,Home & Kitchen,92.42,15,2024-05-11,Half compare next attack remember daughter.,Allen-Wilson
399,Mean,Sports,263.64,411,2023-12-22,That reflect send set fly today me institution approach health laugh may stop.,Mckinney-Gregory
400,No,Books,5.13,326,2024-02-05,Per son war speak wait assume throughout leader bag today eye.,Rodriguez LLC
401,Brother,Sports,228.99,296,2024-07-23,Many themselves minute physical fall wide must.,Wells Group
402,Life,Sports,19.05,404,2023-11-25,Factor as the discussion water popular.,Lane-Rios
403,Stop,Books,134.46,390,2024-08-16,Order recent success knowledge fight car smile commercial employee machine wife show.,Hernandez LLC
404,Lose,Clothing,357.69,247,2024-01-08,Under Republican expect win stuff realize project child draw American first call employee.,Harris Ltd
405,Already,Sports,131.13,101,2024-03-19,Within challenge large wish move building agent use shoulder way.,Moore-Cordova
406,Office,Home & Kitchen,498.94,233,2024-04-09,Positive far time wide senior yes project son rock two.,Norris-Dennis
407,We,Electronics,368.47,272,2024-04-24,Question bring agent pay detail group for.,"Davidson, Silva and Walker"
408,Would,Beauty,381.39,249,2024-02-08,Cultural base support quality whatever wish hour make owner.,"Harding, Kerr and Ward"
409,Choose,Sports,142.31,106,2024-02-23,Hard health expect goal within them because road know yeah sound.,Martin-Luna
410,Water,Toys,408.18,3,2023-11-03,Cause onto beat debate listen test would at whether series because.,Fowler-Nelson
411,Continue,Home & Kitchen,99.41,114,2024-04-09,Report sense carry control high network amount step strong fight nice.,Walker-Moody
412,Class,Books,315.15,367,2024-03-15,What strong line president throughout individual man reach each.,Hubbard Group
413,Audience,Home & Kitchen,379.94,39,2023-10-14,Ok not than physical live reason build mention offer suddenly.,Perkins and Sons
414,Front,Toys,370.03,496,2024-07-09,Group apply guess player western any factor.,"Mayer, Palmer and Miranda"
415,Cover,Beauty,342.23,52,2024-02-04,Out cold follow first suddenly son even.,"Barker, Davis and Carpenter"
416,Than,Clothing,490.45,232,2023-11-11,Carry example single include TV clear.,Moore and Sons
417,Theory,Clothing,139.78,56,2024-05-06,Party story moment mother necessary series box leave baby standard type look find.,Taylor-Ramos
418,Picture,Home & Kitchen,31.43,186,2024-04-15,Common fight season budget campaign reason read film decide wonder.,Vazquez-Bowers
419,Bank,Electronics,25.36,165,2024-06-04,Serious amount blue soldier message arrive budget education at property senior site.,"Harris, Santana and Lopez"
420,Have,Electronics,345.1,384,2024-03-05,Certainly second everyone often goal talk sit.,"Allen, Hudson and Garcia"
421,Particular,Beauty,215.01,8,2024-04-13,More respond who commercial senior above.,"Garcia, Lewis and Gordon"
422,Second,Toys,383.83,225,2024-06-21,Recently continue pull blue strong wonder interest method imagine seven.,Martinez-Rodriguez
423,Century,Toys,264.79,420,2024-03-18,Relate news American foreign break exist outside find wish know.,"Russell, Mercer and Patterson"
424,Tough,Electronics,46.81,17,2023-12-30,Voice happen actually purpose public how mission put budget house reason within.,"Schaefer, Levine and Brown"
425,Decide,Books,212.18,346,2024-03-01,Organization wrong but study rise everything require old.,Avila-Owen
426,Yes,Toys,76.02,251,2024-08-17,Live owner identify machine everything should blue economy market pick.,Johnson Ltd
427,Argue,Beauty,128.86,267,2024-03-20,Marriage ago condition painting force few.,"Davis, Jones and Walton"
428,Speak,Toys,282.77,115,2024-07-15,Dark product make energy gas teacher national weight all involve trip.,Cole-Farrell
429,Level,Toys,113.71,275,2023-11-21,Allow news team field relationship man.,Edwards Group
430,Method,Beauty,172.28,290,2024-09-03,Notice make network much like no choose.,Myers Group
431,Perhaps,Toys,281.11,174,2024-09-04,Put short expect article opportunity campaign hand special once she personal herself into.,Jenkins-Brown
432,Election,Clothing,36.36,211,2024-03-26,Possible or travel assume figure front after for leave.,Bradley-Valenzuela
433,Example,Electronics,455.72,67,2024-01-12,Onto worry help hope occur space beyond push from me share fund.,"Evans, Montes and Harris"
434,Prove,Beauty,353.07,330,2024-09-25,Subject movie explain answer you I.,Weber Inc
435,Series,Beauty,219.95,93,2023-10-31,Behind front attack song little decide somebody prepare few sound item music customer.,King-Robertson
436,Remain,Beauty,306.01,326,2024-06-02,Congress affect reflect television officer defense while score level view mouth pass shoulder.,Michael-Barber
437,As,Home & Kitchen,181.62,213,2023-11-21,Hair challenge character rate feel itself five store.,Walters Group
438,Example,Beauty,137.39,302,2024-06-29,Position either over image box court early still less.,"Esparza, Henderson and Bullock"
439,Defense,Clothing,374.26,265,2024-03-20,Carry election sound probably compare system white magazine after.,Edwards LLC
440,Trial,Electronics,331.51,6,2024-07-20,To public though however style successful door number matter building professional.,"Herring, Huynh and King"
441,Usually,Electronics,144.86,254,2024-06-26,Outside significant finish strategy say south season very design.,Thompson LLC
442,Less,Toys,141.99,421,2024-06-11,Television argue mouth record both nation little east everyone.,Cox Ltd
443,Hold,Beauty,241.53,70,2024-01-02,Again whom paper success production wait real small dream.,"Cruz, Fowler and Haynes"
444,Weight,Beauty,279.54,124,2023-11-14,Movement door kind account whether until truth.,Davis-Carson
445,Eat,Books,12.71,199,2024-07-19,Teacher civil keep first speech popular smile ever.,Morrow Group
446,Market,Sports,245.57,389,2023-10-03,Unit four institution truth beyond civil end at inside role natural.,Chavez-Johnson
447,Area,Sports,146.66,133,2023-11-01,Picture social carry husband pick finish bank citizen.,"Reeves, Saunders and Banks"
448,Case,Beauty,58.51,227,2024-04-25,Rate society floor long same end reach step son cup increase consider then.,"Walker, Vaughan and Leblanc"
449,Radio,Home & Kitchen,448.56,471,2024-07-12,Director become leg energy system anyone peace outside chance when color note add moment.,Wilcox-Snyder
450,Door,Sports,252.19,62,2024-06-21,Course technology site explain management candidate task outside.,Acosta-Lopez
451,Couple,Toys,35.14,255,2024-06-26,Agreement wish dog late eat old positive.,Smith and Sons
452,Try,Books,218.22,100,2024-05-29,Rather require remain save eight believe arrive four dog traditional you.,"Coffey, George and Goodman"
453,Answer,Electronics,483.79,158,2024-09-26,Mean herself within provide car throughout American conference college.,Conrad-Humphrey
454,Cause,Electronics,31.09,470,2023-12-05,Report item employee finish without material wind exactly guess involve.,Austin-Juarez
455,Everything,Home & Kitchen,28.8,420,2024-05-10,Job close say man wear new type PM key country.,Hall Inc
456,Many,Books,37.97,331,2023-10-04,Relationship job yet until American ground remember magazine.,Rodriguez-Cortez
457,Choose,Electronics,179.52,185,2023-12-19,Behavior test Congress collection meet evening through one on will.,"Wang, White and Knapp"
458,Employee,Beauty,442.37,171,2023-10-18,Quality thought ago race quite hour opportunity week student child ball store.,"Castillo, Fuller and Adams"
459,Really,Electronics,150.83,430,2024-04-26,Wide prevent week foot rule same whatever notice deep any.,"Campbell, Yates and Manning"
460,Officer,Home & Kitchen,83.27,131,2024-04-30,Begin effort drive side human after decade home I positive.,"Moore, Evans and Owen"
461,Simply,Beauty,487.48,386,2024-06-09,Tough page grow benefit happen customer knowledge hold environmental.,"Henderson, Avila and Shepherd"
462,Positive,Clothing,188.09,287,2024-02-17,Piece behavior message wind put positive require us money positive base.,Kim-Solomon
463,Mean,Books,284.38,343,2024-08-09,Worker range feel eat into notice necessary.,Palmer PLC
464,Large,Toys,464.39,488,2024-07-20,Let result spend green one shoulder administration.,"Stanley, White and White"
465,Increase,Electronics,462.42,356,2024-07-20,Indicate region finish right serious last space.,Levy-Savage
466,Culture,Clothing,405.17,62,2024-08-28,Back word else pull its adult house actually.,"Woods, Holt and Melton"
467,Size,Home & Kitchen,306.63,310,2024-03-26,Field spend pattern real white push source because career course staff receive.,Trevino and Sons
468,Medical,Sports,112.67,313,2024-01-16,Power job personal so course feeling leg.,Henderson-Wilson
469,Weight,Clothing,152.84,286,2024-07-21,White likely teacher one cut notice street anything account piece require.,Allison-Mclaughlin
470,Pick,Sports,324.01,135,2024-04-28,Yourself already hundred message right very toward test discussion art affect office network.,Orozco-Butler
471,Material,Electronics,241.87,161,2024-02-25,Performance position large job claim risk light just medical onto rate two.,"Sandoval, Anderson and Carter"
472,Seek,Toys,95.18,74,2024-01-26,Strategy pull same somebody son suddenly perform executive see project can.,Moore Group
473,Blood,Beauty,499.18,143,2023-10-17,Wall management doctor news yourself grow end quality company teacher me.,Morgan Inc
474,Prepare,Clothing,429.02,385,2024-05-27,No main year size show show news.,Castaneda PLC
475,Pm,Sports,218.26,457,2023-11-02,Relationship unit just lead success book black.,"Lynch, Garrison and Garcia"
476,Or,Electronics,205.84,326,2024-01-25,Black picture that treat church factor kid media run between positive free.,Martinez and Sons
477,Leg,Toys,55.81,449,2024-01-22,Early speak game measure be head.,Ward-Ortega
478,Civil,Beauty,279.88,138,2024-09-18,Instead direction soon including important learn system some gun ahead certainly act.,"Acevedo, Miller and Edwards"
479,Sport,Clothing,222.94,141,2023-10-23,Article service produce political total around place require produce mind fast.,Blackwell-Haynes
480,Tv,Books,324.08,460,2023-12-15,Training account evidence month turn record land day name small.,"Ramos, Reed and Cain"
481,Range,Toys,357.08,142,2024-08-24,Thing base Mr hope rest they minute must.,Davis PLC
482,Forget,Home & Kitchen,251.21,438,2024-04-02,Serious civil agreement someone or drop similar risk would book.,Skinner LLC
483,Product,Home & Kitchen,61.02,86,2024-05-04,Buy series walk large occur accept fund door second ok.,"Kline, Burton and Ferguson"
484,Physical,Clothing,493.16,354,2024-04-13,Federal project spring of cause help scene black might court.,Gibson-Thomas
485,Large,Beauty,409.62,250,2024-01-03,Bank artist thousand live land hard moment open million house enough.,Fields-Barajas
486,Risk,Toys,481.15,137,2024-08-09,Statement certain camera represent can relate tell brother defense list second.,"Wood, Crane and Guzman"
487,Issue,Electronics,9.49,231,2023-12-26,Hard face mission brother figure hear family.,Moody and Sons
488,Step,Home & Kitchen,295.99,268,2023-10-26,Any thus threat democratic standard major business give that individual of.,"Chavez, Morgan and Bennett"
489,They,Sports,119.31,158,2024-06-27,Car catch PM seven project chance road become person perhaps hold too fund.,Rubio Group
490,Simply,Books,190.15,28,2024-01-06,Tend religious occur someone religious night buy.,"Miller, Friedman and Weaver"
491,Sometimes,Electronics,421.64,496,2024-04-23,Miss seek me affect probably mother while ever day stop stuff often be.,"Lawson, Morales and Williams"
492,Training,Electronics,378.85,243,2023-10-21,Join increase teacher fish either boy between collection century eight.,Moore Group
493,Resource,Clothing,152.83,428,2024-03-23,Pass foot agree around hope floor.,Orozco-Scott
494,Year,Beauty,106.86,350,2024-04-20,Appear dream others door meet mean we.,Brown-Marshall
495,Investment,Electronics,319.96,428,2024-08-14,Ahead plant trial affect never only big several prepare by nothing land.,"Mason, Patton and Thomas"
496,Now,Clothing,66.95,191,2024-08-29,Mr interest treatment later a let stop eye will.,Brown Group
497,Explain,Home & Kitchen,144.93,385,2023-11-16,Style herself goal place one member animal school none.,Davis-Hale
498,Then,Clothing,408.8,9,2024-04-26,Your there decision measure soon this war play woman remain event production focus.,Stevens PLC
499,Get,Electronics,430.23,100,2023-11-21,Position ability live top pull including time.,"Burns, Long and Miller"
500,Under,Sports,16.96,44,2023-11-25,Much throughout staff knowledge but will.,Carey-Howard
501,Cost,Beauty,423.81,309,2023-11-03,By have cover act sea serve.,"Morse, Howard and Davis"
502,Positive,Sports,138.03,486,2024-06-25,Space determine woman whose already manage region paper according.,"Foster, Kane and Carroll"
503,Minute,Clothing,116.48,284,2024-04-19,Create school public owner compare open second camera value talk thing rock ever.,"Johnson, Booker and Byrd"
504,Possible,Books,117.37,326,2024-08-09,Third ability interview pull practice take follow such imagine business million many military.,Stephenson and Sons
505,Anyone,Books,175.1,239,2023-10-11,Mother first hot free they space wrong difficult ready when true.,Martin LLC
506,At,Sports,110.25,278,2023-12-01,Benefit lose space or phone free economy blue draw future approach four some want.,"Harvey, Duran and Garrett"
507,Particular,Electronics,282.92,316,2024-04-28,Window true help three really site artist.,Brown-Bishop
508,Lay,Electronics,280.04,459,2024-05-25,Quality nice far high benefit sell do.,"Cobb, Hanson and Chavez"
509,Majority,Beauty,268.61,189,2024-01-15,They people fund visit situation law foreign court bill organization attack.,Strong and Sons
510,Public,Home & Kitchen,173.08,167,2023-12-03,Green loss per control case analysis camera once message.,"Webster, Collins and Mcclure"
511,Stand,Clothing,391.82,261,2023-10-19,Light owner fact wife military price certain.,Hunter PLC
512,Town,Electronics,166.82,374,2023-10-27,Gas with policy cut attention country little reality level realize system.,"Mccarty, Jensen and Barnes"
513,Commercial,Electronics,197.51,196,2023-11-07,Then treat many turn police really level defense lose shoulder spring.,"Bennett, Ross and Mckenzie"
514,According,Books,227.7,90,2024-04-09,Available air boy fact create one.,Williams-Johnson
515,Decade,Books,77.2,297,2023-11-09,Despite energy company suggest early cultural compare energy.,Smith Ltd
516,Certain,Toys,429.48,105,2024-07-06,Full decision lay hard head commercial money.,"Keith, Johns and Jones"
517,Charge,Clothing,46.57,408,2024-09-23,Court her hear outside with each animal pattern.,Dickerson LLC
518,Strategy,Clothing,124.42,285,2024-06-21,Easy picture evidence call meet once major road six social.,"Brown, Romero and Potter"
519,Quite,Beauty,243.26,358,2023-10-29,Hear million condition Republican moment low what listen ok point so power.,Robinson and Sons
520,Live,Beauty,357.85,472,2024-02-23,How fill thousand number very hear nearly care base.,Stone-Hall
521,Analysis,Toys,183.97,58,2024-08-25,Perform international level important source first him conference doctor population grow bar.,"Hunt, Schneider and Hartman"
522,With,Clothing,396.3,420,2023-11-04,Budget growth national free push economic seat.,"Bruce, Lee and Munoz"
523,Certainly,Beauty,136.07,237,2024-08-19,Treatment across federal state situation identify if oil pretty line mention seven.,Grimes and Sons
524,Dream,Sports,47.06,286,2024-05-19,Listen middle skill serious reveal left social fine.,Patterson Ltd
525,Key,Clothing,412.85,434,2024-07-17,Last next hear officer campaign wall act special strong fund industry.,"Goodwin, Farmer and Vaughn"
526,Firm,Books,344.84,329,2024-06-19,Age size two child well form picture owner part term woman daughter hospital.,"Hughes, Wells and Murphy"
527,Live,Sports,151.62,100,2024-02-19,Behavior bit need allow ready major cost attorney white.,Harris-Carter
528,Need,Electronics,252.51,201,2024-09-08,Arm million commercial teacher improve church book movie long attention western.,Anderson and Sons
529,Force,Toys,290.28,225,2024-07-31,City offer financial data respond learn cut yard knowledge station painting east.,Kent-Suarez
530,Magazine,Toys,309.33,494,2024-05-16,Although before position try get successful society hospital statement sure indeed conference pay.,Ellis-Bartlett
531,Cover,Sports,171.3,159,2023-11-09,Believe recognize analysis those citizen think Mrs project at risk total training in.,"Martinez, Wood and Campos"
532,Mother,Beauty,42.42,296,2024-08-08,Improve close debate and ago police put left gas human.,Sanders Inc
533,Enough,Electronics,471.48,226,2023-12-30,Force security machine attention nature drug wear.,Ruiz LLC
534,Thought,Clothing,437.9,387,2024-07-10,Stuff parent concern buy scientist collection provide action.,Hernandez-Howard
535,Direction,Sports,206.8,445,2024-02-14,Throughout mother kind answer play mission.,"Moran, Prince and Myers"
536,Foot,Toys,449.49,184,2024-08-03,Our any help cut economic training.,Davis Group
537,Ahead,Electronics,305.84,99,2024-04-16,Star quite as when benefit structure professional right analysis mention.,Morris-Sims
538,Probably,Clothing,189.0,264,2024-04-23,House into discussion black follow address pressure activity defense detail price everything.,"Wood, Jones and Robinson"
539,Fish,Beauty,189.14,407,2024-05-04,Matter wrong Republican social two notice edge behind food piece home under sign.,Rivera Ltd
540,Sort,Sports,27.4,205,2024-03-25,Within project attack adult treatment large memory score me relate.,Hall PLC
541,Song,Electronics,459.99,257,2024-07-22,Door investment during bag case material dark heart politics.,Mclean PLC
542,Young,Toys,25.31,221,2024-08-17,Care fish skin always social increase spend seek director run.,Allen-Ryan
543,What,Sports,66.83,446,2024-02-07,Soon recent develop their miss contain picture ask man.,Williams and Sons
544,Writer,Clothing,293.45,138,2024-01-13,Begin or story use door back right.,Martin-Gonzalez
545,Language,Clothing,152.36,417,2023-12-24,Eat experience large player even sit bag win huge cold kid measure same.,Weiss Group
546,Again,Beauty,71.29,207,2024-03-12,Into bar trade feel Mr need compare herself figure exist.,"Obrien, Jones and Taylor"
547,Manager,Clothing,283.12,312,2024-05-09,Trouble above technology room hear identify indeed.,Waller-Brooks
548,Might,Books,208.23,347,2023-11-11,Author those yeah buy usually class several whatever side seem give remember play.,Horton-Curtis
549,With,Toys,429.09,256,2024-09-14,Drug alone spend piece put recently population end lay.,"Hernandez, Wright and Lane"
550,Recognize,Beauty,14.9,457,2023-11-25,Activity side popular true huge only too million.,Liu and Sons
551,Themselves,Toys,483.58,385,2024-01-31,Reality may mouth though only safe sell under thank.,Fields LLC
552,Teach,Clothing,136.27,485,2023-11-14,See us huge final would staff ability attorney recent.,"Butler, Roberts and Jordan"
553,Control,Books,164.32,281,2024-04-12,Region cup consider way late sport control arrive.,Lamb and Sons
554,Event,Beauty,349.89,347,2024-03-13,Key tree body player bag beat by ask ahead doctor magazine.,Smith LLC
555,Society,Electronics,53.67,344,2024-09-12,Smile among decision social heart mind while entire magazine series page from radio.,Key-Montoya
556,Yeah,Books,364.67,144,2024-06-12,Her arm green form beyond lead recognize rise thousand catch own.,"Ramirez, Lyons and Briggs"
557,Home,Toys,37.42,179,2023-11-15,Rather thank method produce about point walk focus plant them wide save question.,Lawson Group
558,Single,Home & Kitchen,125.14,123,2024-04-03,Give voice walk live probably record beyond.,Carter-Lee
559,Character,Beauty,428.54,333,2024-06-14,Then size respond all marriage beautiful strategy you would level to western.,Bates-Allen
560,Development,Clothing,488.44,320,2024-03-24,Black year ahead upon force himself exactly.,"Scott, Alvarez and Merritt"
561,Candidate,Sports,161.9,63,2024-06-26,Two plant man somebody four difference office.,"Brown, Cooper and Kent"
562,Situation,Sports,302.5,149,2024-07-09,President size whom join do else fact born future or.,Garner Inc
563,Page,Books,410.33,390,2024-03-03,Table west officer ability artist movie suggest.,Flores-Diaz
564,Respond,Beauty,16.35,288,2024-03-16,Mind own develop house Mrs leave certain.,Hood-Porter
565,Lose,Clothing,108.76,201,2023-12-04,Exist section support still alone floor maybe read event summer off piece democratic.,Padilla-Bennett
566,Take,Books,231.47,50,2024-08-05,Still decision run special red apply tend.,Gates Ltd
567,Including,Books,208.14,409,2024-03-22,Yard nature front question wrong serious hospital month.,Campbell-Leblanc
568,School,Beauty,23.35,148,2024-09-22,Hour capital sell oil source sure report leader clear case receive fact certain.,Brock and Sons
569,Simple,Sports,68.97,482,2024-07-25,Gun task big size teach heavy.,Shelton-Jackson
570,Arrive,Electronics,338.23,258,2024-04-18,Wind conference appear woman practice order wide phone identify alone.,Sanders LLC
571,Rise,Home & Kitchen,404.12,307,2024-05-19,Present heart reality somebody probably sing ten practice.,Chen-Wallace
572,Activity,Electronics,440.35,245,2024-08-13,Bar majority protect meeting age of of.,Benson-Davis
573,Personal,Clothing,437.28,201,2024-03-16,Machine popular its number between as training somebody continue spend.,Long PLC
574,Step,Beauty,260.09,253,2024-07-06,Major million once research so buy send whole today Congress out conference.,"West, Edwards and Williams"
575,Paper,Clothing,191.43,459,2024-05-06,Because either send be by fear whom commercial.,"Smith, Turner and Shah"
576,Natural,Beauty,367.81,358,2024-07-24,Process knowledge officer reason mission worry goal Mrs decide.,Bates Inc
577,Economic,Electronics,240.11,55,2024-04-14,Center task Democrat care need option everyone rock.,Jones-Scott
578,I,Sports,78.07,205,2024-06-04,Hundred bar effect international reason movie audience run.,"Terry, Lee and Watson"
579,Really,Sports,180.09,139,2023-11-24,Painting information child yeah its ago page back by body nature at.,"Davis, Blankenship and Strickland"
580,Child,Beauty,271.09,29,2024-02-15,Event better woman develop weight situation but money.,Chapman-Roman
581,Beyond,Home & Kitchen,277.9,265,2024-05-31,Red tend necessary parent to color water hope generation scientist.,"Arnold, Macias and Powell"
582,Person,Clothing,252.94,214,2023-11-12,Act message choice call her save apply rise window.,"Waters, Gregory and Barnes"
583,Lot,Clothing,148.58,463,2024-07-01,Worry sometimes maybe every into walk thing sport figure teach water.,Townsend-Bruce
584,Protect,Electronics,427.6,23,2023-11-01,Role war close arm sea never.,Stokes-Smith
585,Language,Sports,452.73,53,2023-11-09,Usually carry marriage rate quality mother by add couple story account interesting.,"Brady, Sanchez and Stevenson"
586,Wife,Beauty,300.07,467,2024-06-21,Range amount large collection us shake tough company happen card government anything.,Gray-Brooks
587,Budget,Books,120.1,79,2024-03-07,Story surface tax face low enter able piece hour.,Hickman-Haley
588,Myself,Beauty,468.48,305,2024-05-12,Very throughout summer arm accept leave.,Gomez-Smith
589,Voice,Sports,242.63,302,2024-02-07,I across issue culture more together improve tree.,Moore Ltd
590,Enough,Clothing,405.42,254,2024-08-15,House federal into consider speech board just style class government its grow.,"Gonzalez, Lopez and Williams"
591,Indicate,Toys,56.4,397,2024-01-07,Too civil current look professor entire inside nearly son research.,Potter-Deleon
592,Instead,Home & Kitchen,260.88,379,2024-01-30,Capital whatever society call general add range appear stop involve.,"Mclaughlin, Hamilton and Roberts"
593,Mention,Electronics,23.29,267,2023-10-07,Easy check memory economic short ten yes easy star cup relationship.,Haynes PLC
594,Popular,Clothing,143.52,79,2024-05-01,Yeah option play director car although wrong upon.,Smith-Gonzalez
595,Treatment,Electronics,207.03,376,2023-10-02,Imagine fill plan discuss from look member popular fight especially.,Hahn-Dawson
596,Employee,Books,204.27,485,2024-07-09,Consider a produce focus experience exactly.,"Garcia, Lopez and Vaughan"
597,Himself,Books,11.93,114,2024-05-08,Born protect raise side candidate guess special sea open.,"Watson, Santos and Clark"
598,If,Electronics,288.57,121,2024-07-12,Candidate sea build only treatment pressure couple.,"Griffin, Garcia and Mcmahon"
599,Present,Books,365.1,432,2024-05-21,Rise writer dark result analysis court nearly education theory.,"Hester, Jacobson and West"
600,Series,Electronics,294.06,117,2024-07-16,Attack industry use mean against out recent can animal not some.,"Lee, Olsen and Simpson"
601,No,Beauty,390.27,227,2023-11-16,Will close seek his single husband even contain civil design recent these.,"Gibson, Zimmerman and Warren"
602,Floor,Beauty,390.92,91,2024-06-29,Fast environmental budget difference move factor policy walk.,Ho-Nelson
603,Street,Electronics,125.57,467,2024-08-17,Writer decide break possible plan win foot watch this.,Bowen-Ortiz
604,Population,Books,36.37,420,2023-11-26,World personal action green room evidence eight administration price test.,"Rodriguez, Reese and Reyes"
605,Ready,Books,258.21,8,2024-05-25,Plant nearly stage determine environmental ok space send choose discussion risk happy total behavior.,Stevens and Sons
606,Current,Home & Kitchen,431.21,413,2024-05-09,Wall Congress example financial those stage reach could century interview lawyer population.,Garcia-Rose
607,Short,Beauty,19.91,446,2024-04-28,Owner help again step shake popular.,Anderson Inc
608,Executive,Clothing,453.44,430,2024-06-15,Outside society act social my stand system be cause service throughout spring film look.,Brown Ltd
609,Example,Sports,127.48,12,2024-07-07,But stay bill father memory student center treatment agency interview challenge pretty.,Dorsey Ltd
610,If,Sports,65.68,156,2024-05-06,Man yard different what example baby free.,Mclean-Gillespie
611,War,Electronics,58.66,415,2023-12-21,Character investment friend consider interesting throw reach person expert then even material hard.,Cochran-Dawson
612,Ball,Beauty,88.88,110,2024-05-09,Technology within sing chair challenge land.,Briggs-Wilson
613,Late,Sports,129.53,74,2024-04-07,Certain follow camera should good management loss win own.,"Cook, Pham and Valdez"
614,Else,Toys,152.63,97,2024-05-25,Near much manage movie discover base resource money since specific despite.,Young Inc
615,Democrat,Beauty,296.3,94,2024-06-02,Gun listen card body treat guess.,Phillips and Sons
616,Thing,Beauty,204.67,286,2024-06-27,Will tree drug still argue case while region help ago who he reduce.,"Perkins, Woods and Wheeler"
617,Coach,Electronics,229.54,237,2023-12-08,Half bad baby notice sport change consumer.,"Taylor, Rose and Rush"
618,Many,Toys,165.05,451,2024-09-11,Know population actually born art politics page community civil how.,Frazier-Liu
619,Once,Sports,289.07,337,2024-02-19,Try maybe remember interest church win miss within by.,Morales Inc
620,Discuss,Toys,453.35,120,2024-07-29,State wish painting baby realize local present if.,Martin-Pratt
621,Radio,Toys,70.98,97,2024-03-09,Establish bit guy single friend dream clear blood.,Harper LLC
622,Cup,Home & Kitchen,183.8,295,2024-01-14,Point allow especially with north nor so animal.,Davis-Parker
623,Heavy,Beauty,237.4,53,2024-09-04,When matter fire hospital green can push former to.,"Garcia, Aguirre and Hernandez"
624,People,Beauty,129.09,319,2024-03-29,Local than also claim radio bad personal well discuss democratic.,"Pena, Mack and Martin"
625,More,Home & Kitchen,486.38,258,2023-11-10,Prepare us game size fund growth task issue three similar hold decade particular.,Rubio PLC
626,Product,Toys,421.91,201,2024-05-28,Source central that natural why sit beautiful.,Gibson and Sons
627,World,Books,31.8,353,2024-08-23,Attention office government author represent leave worry without.,Santos-Taylor
628,Candidate,Home & Kitchen,318.48,473,2024-09-01,Always teacher husband tax true can happen suddenly weight health radio media.,Rich-Esparza
629,And,Home & Kitchen,149.33,173,2023-12-13,Scientist each start account table fact.,Hudson Inc
630,Dog,Toys,456.77,171,2024-04-13,Protect give life movement stand board Congress board where however item.,Murphy-Stewart
631,Pm,Toys,46.04,111,2024-06-06,Reduce live everything although choose like policy floor.,Huerta Group
632,Assume,Beauty,455.54,400,2023-12-10,Smile without degree deep age serve institution edge compare center.,Sullivan-Evans
633,Seem,Toys,375.02,115,2023-10-06,Modern prove else store begin top garden send clearly glass industry.,Nichols-Bowers
634,Same,Toys,356.28,86,2023-12-13,Tree now statement night throw cup reveal official certain professional.,"Newton, Doyle and Stewart"
635,City,Toys,146.82,93,2023-12-01,Material first society purpose enjoy reveal write.,Walters Ltd
636,Particular,Electronics,49.26,29,2024-08-23,Despite without information national coach help.,Clark-Lee
637,Respond,Home & Kitchen,494.28,489,2024-07-24,Have hair few film standard by.,Banks-Bryant
638,Item,Books,325.49,276,2024-05-18,Stock international wind from unit learn health need class job.,Bruce-Barker
639,Leave,Sports,423.63,107,2024-03-11,Reduce visit town between because student bed administration usually.,Crawford PLC
640,Within,Home & Kitchen,344.89,446,2024-09-25,Plant me south property system deep since.,"James, Gonzalez and Harrison"
641,Capital,Books,260.37,127,2024-04-19,Include star region scientist account hear difference exist they enough stuff.,Nunez-Smith
642,When,Toys,64.91,488,2024-03-20,Administration check hear stage star outside.,Jackson-Armstrong
643,Law,Clothing,409.55,286,2024-03-29,Wind cover popular stock soon official can player within community tough military join.,Mckinney and Sons
644,Mother,Electronics,389.88,366,2024-08-27,Officer hot several true study city follow behavior agent activity show check peace myself.,Armstrong Inc
645,Situation,Sports,466.1,330,2024-05-02,Work play sing cost present develop create.,Barber Group
646,Speech,Books,263.57,3,2024-01-12,Ever various physical point often billion.,Ho-Martinez
647,Change,Books,10.52,203,2023-09-30,Thus behavior management guess stuff hospital make against available.,"Jones, Mcdaniel and Brooks"
648,Former,Sports,254.26,379,2024-03-11,Speak conference act condition note parent all wish year low pass.,"Smith, Boyd and Scott"
649,Campaign,Clothing,203.19,159,2024-01-29,Ahead age memory charge term boy describe foreign detail road vote environment loss.,Bailey PLC
650,Reach,Books,54.69,264,2024-08-14,Seat many mention hundred cover common reach thought exactly hotel on.,"Collins, Bauer and Mckay"
651,Method,Toys,206.58,495,2024-03-09,Interest section staff performance parent investment note hear plan ask cold.,Rubio LLC
652,Peace,Toys,324.93,92,2024-03-18,Page theory wear most huge boy speak investment control.,Jones Ltd
653,Hot,Books,400.55,211,2024-02-05,Single business five action forget let somebody.,Hoffman Group
654,Federal,Home & Kitchen,487.05,190,2023-12-16,Money bill everyone part third teacher avoid throughout.,Fleming-Graham
655,Tax,Books,83.95,461,2023-10-15,Culture sort material wrong instead buy commercial force.,Young-Smith
656,Affect,Sports,79.78,490,2024-06-17,Write treatment expect success idea time truth although population attorney believe sort rich.,Stewart-Reed
657,Base,Home & Kitchen,102.51,100,2024-08-31,Management another fear worker management political treat successful visit bill.,Williams Inc
658,Chair,Electronics,430.99,41,2024-07-15,Technology right difficult because right speech staff Mr above read.,Green Inc
659,Bring,Electronics,396.5,407,2024-02-14,Avoid forget partner speech establish color case leave call.,Mullins Group
660,Public,Toys,201.63,91,2024-02-25,Miss drive long majority exactly significant lot.,Baker LLC
661,Seek,Electronics,214.34,354,2023-11-22,Next their process same day back will art actually democratic.,Lopez-Garcia
662,Detail,Beauty,387.24,151,2024-07-18,Seven method finish want remain pretty summer black candidate true history laugh per.,Deleon and Sons
663,Authority,Books,189.56,244,2023-12-10,Clearly film thank possible challenge then seat drive thus cost agreement.,"Schmidt, Bell and Wilson"
664,Oil,Electronics,325.98,408,2024-04-02,Issue character maybe meet apply evening best possible rule institution.,Lopez-Thompson
665,Fact,Home & Kitchen,384.67,279,2023-12-10,Management item race position where detail apply along entire assume big difficult per.,"Sullivan, Long and Robinson"
666,Than,Sports,297.05,374,2023-11-06,Manager commercial data PM relationship explain about continue traditional.,"Woods, Torres and Knox"
667,Edge,Clothing,497.75,72,2024-04-27,Race coach forward lay while program into again window thing.,Shelton Inc
668,Phone,Books,59.77,56,2024-08-31,On major easy body standard note wrong structure moment cold chair behind.,Lara-Rogers
669,Military,Sports,493.5,13,2024-03-17,Wrong either main hair add good report through simple tax.,"Washington, Nelson and Stone"
670,Push,Electronics,359.31,377,2024-01-16,Without task process center marriage each scientist.,Howard-Garner
671,Daughter,Toys,74.25,340,2024-07-21,Whole theory quickly tonight last when money.,Lozano-Bailey
672,Glass,Toys,80.01,47,2023-10-16,Individual yes finally American mind gas partner item lawyer why society eye wide.,Ho-Thomas
673,Responsibility,Clothing,425.1,491,2024-08-29,Whom perhaps professor field explain son administration American executive or apply figure.,Bell-Flowers
674,Apply,Books,330.2,263,2024-02-14,Go exist teacher program shoulder choice beat.,Thomas-Quinn
675,Lay,Home & Kitchen,280.85,69,2023-11-15,Fact allow usually eat question hit human.,Orozco LLC
676,Picture,Books,409.57,272,2024-02-08,Nor quickly follow official raise current career never.,Torres-Evans
677,Within,Sports,204.77,240,2024-04-27,National heavy then join catch kind finish various Republican life into.,Ali-Murray
678,While,Home & Kitchen,269.87,410,2024-08-22,Whatever inside sense past few drug.,"Watson, Oliver and Yoder"
679,Understand,Books,384.76,15,2023-11-01,Sense hotel idea accept space themselves.,Combs-Miller
680,Expect,Beauty,463.6,366,2024-06-28,Four best fact loss former article science.,"Dixon, Love and Miles"
681,Name,Clothing,490.86,89,2024-02-07,Science manager difference put system feeling financial writer according machine reach boy a.,"Hobbs, Meyer and Wright"
682,Body,Toys,142.66,31,2024-03-18,Strategy kitchen argue business identify work.,Skinner PLC
683,Ever,Beauty,235.69,421,2024-08-11,Race teacher pay it player continue stand price color score national live face.,"Garcia, Chapman and Richardson"
684,Face,Toys,48.16,140,2023-11-14,Recently blue indicate interesting agreement lead nor action few population.,"Harvey, Williams and Meadows"
685,Chair,Toys,176.01,200,2023-10-12,Everybody word group task me give relationship hospital artist pretty goal.,"Hart, Stevens and Trevino"
686,Challenge,Books,480.56,469,2024-01-31,Type attention stuff low while paper Congress remain medical.,"Fox, Anderson and Nguyen"
687,Partner,Books,90.33,331,2024-08-07,Pay identify and system city benefit blood various live service wonder speak run.,Garcia and Sons
688,Should,Toys,140.42,451,2024-04-15,Two artist economy also seek kid hear piece ahead company blue.,Gray-Zhang
689,Painting,Home & Kitchen,126.62,455,2024-06-07,Cultural make quickly different score its more so.,Perkins Ltd
690,Relate,Electronics,401.52,144,2024-03-04,Almost cell accept similar nothing ten future radio.,"May, Crawford and Collier"
691,Own,Beauty,424.16,150,2024-06-11,May ground tonight table soon keep personal them notice camera military beyond.,Hall-Guzman
692,Give,Electronics,76.7,275,2024-03-10,Start face stock hospital group their citizen explain.,"Johnston, Castaneda and Frederick"
693,Month,Books,120.58,278,2024-09-24,Peace national through old view world president allow instead customer thousand.,Taylor PLC
694,Technology,Sports,487.57,285,2024-03-10,Under professional there dog authority way toward reflect she along.,Dodson PLC
695,Sister,Home & Kitchen,288.84,219,2023-12-01,Thought long can rich bit market different.,Reynolds-Turner
696,To,Clothing,181.44,181,2023-12-27,Use ago site cultural part here.,"Rojas, Tran and Williams"
697,Space,Toys,441.86,141,2023-10-19,Involve interview case just today work happy.,Cooper Inc
698,Economy,Clothing,433.33,277,2023-11-18,Open dinner section thousand soldier nothing yard.,Marks and Sons
699,Tax,Electronics,452.32,407,2023-10-14,Arm just executive fire own three.,Anderson-Sanders
700,Really,Electronics,164.86,321,2023-11-28,Baby voice day relate spend today.,Wallace LLC
701,Year,Books,340.46,93,2024-09-24,Fall president money environment recently me approach too relationship perform evidence data case.,"Hall, Harmon and Clark"
702,Hotel,Sports,345.44,404,2024-03-31,Along dog key share well again student.,Ramirez-Cruz
703,Their,Electronics,429.23,381,2024-08-30,Everything particular manager television his and.,Gray Ltd
704,Lawyer,Home & Kitchen,398.11,326,2024-02-08,Produce all several visit travel senior.,Livingston-Solomon
705,Take,Beauty,175.89,153,2024-04-12,Describe agree rise perform tend site up sell southern network weight usually explain.,"Ford, Armstrong and Carroll"
706,Natural,Books,347.35,417,2024-02-07,Whether level yeah draw traditional exactly radio ever.,Wise LLC
707,Green,Home & Kitchen,304.65,199,2024-04-16,Although ever environmental economy president sign activity fill produce structure summer.,Ford-Gonzales
708,Man,Electronics,472.68,190,2024-05-17,Lose such design around voice everybody particular finish ask conference.,Green-Simpson
709,Dream,Sports,47.45,476,2023-11-25,Chair peace anyone boy although range team oil.,Tran and Sons
710,Ask,Sports,14.78,339,2024-09-07,Window administration suddenly support music and doctor board medical.,Dixon and Sons
711,Democrat,Books,360.26,251,2024-04-10,He state indeed politics then central force small friend impact present likely wind.,"Johnson, Richardson and Carter"
712,Citizen,Home & Kitchen,169.72,174,2023-12-01,Blood deep finish respond score situation.,"Cooper, Lewis and Rivas"
713,Alone,Sports,18.35,324,2024-03-27,High young bad back very different me.,"Mccoy, Gross and Ryan"
714,Campaign,Beauty,176.11,85,2024-01-17,Sometimes parent process minute first crime offer treat forget sometimes within discuss.,Goodman-Wilson
715,Effect,Toys,114.83,132,2024-05-22,Gun goal measure trip president painting large industry notice step by.,"Sanchez, Blankenship and Craig"
716,Reduce,Clothing,188.21,421,2024-08-04,Employee expert finish bank inside work office plan significant tonight then administration building.,Cannon-Dawson
717,Many,Sports,470.41,224,2024-05-11,Call alone issue real wrong car term.,Strong-Gomez
718,Interest,Sports,40.5,145,2024-04-18,Drop fall front station from participant blue reveal available TV wear treat piece.,"Davenport, Roberts and Woods"
719,Center,Sports,63.0,382,2023-10-10,Rich operation star meeting charge account or purpose.,Gray-Gonzales
720,Movie,Sports,205.89,449,2023-10-06,Evidence significant discussion manage answer military modern meet up expect himself serious well.,Cervantes Ltd
721,Us,Sports,440.95,475,2024-05-25,Issue everything they fire girl close explain main.,Mcclure LLC
722,Wrong,Books,248.29,254,2024-07-15,Send under project cell deal stuff senior agree total whether music sometimes according.,Wood LLC
723,Year,Home & Kitchen,370.28,429,2024-03-20,Rule minute store far body relationship suddenly know it enjoy ten.,Dennis-Wilson
724,Health,Beauty,423.94,269,2024-09-29,Season develop avoid church friend law save.,"Waters, Mann and Edwards"
725,Window,Electronics,67.36,325,2024-03-20,Beyond relate miss couple newspaper study personal we physical early only.,Nunez LLC
726,Many,Clothing,209.7,433,2023-10-27,Sport safe executive cup then week tax see about attack newspaper decade.,Williams Ltd
727,Everyone,Home & Kitchen,402.57,164,2024-01-27,Piece doctor give most west there subject themselves property make.,"Myers, Howard and Castillo"
728,Big,Clothing,424.16,468,2024-07-21,While to shake information language easy interesting.,Marshall LLC
729,Recent,Electronics,400.65,166,2023-12-28,Recent relate similar low source major include dog fact medical.,Brown-Ingram
730,Every,Sports,92.03,371,2023-10-31,In speak interesting end area magazine despite player animal language.,Armstrong and Sons
731,North,Clothing,256.66,338,2024-03-29,Book why particularly can music wear again here sister four good she as any.,Cox and Sons
732,Close,Beauty,25.48,76,2023-10-25,How responsibility face claim hear including need eat add suddenly sense money.,"Sanders, Washington and Moore"
733,Fish,Electronics,441.04,388,2024-03-01,Place read almost seek spend help husband stand.,Atkins-Jones
734,Mother,Sports,447.68,16,2024-07-11,After sea must try believe open hospital story teacher size interesting.,"Johnson, Hill and Harris"
735,Everything,Sports,194.36,475,2024-01-31,Likely fact behavior whom night low traditional mouth each admit market hour head.,"Klein, Chavez and Lane"
736,Ago,Toys,411.31,189,2024-06-26,Language live board financial century picture base night.,Hancock Group
737,Personal,Clothing,230.83,354,2024-01-04,Center pattern list rich note discussion should.,Jenkins-Yang
738,They,Clothing,334.12,47,2024-04-13,Focus north image accept real sense.,Gardner-Edwards
739,Reach,Clothing,378.82,413,2024-03-27,Leave lot never science run TV international back camera add.,"Goodman, Martin and Kim"
740,Build,Electronics,463.4,121,2024-04-01,Manager phone modern cause them industry across brother yet result they.,Mills-Gilbert
741,Hot,Home & Kitchen,252.52,343,2024-09-07,Center model daughter pass research mind economy leg.,Ho-Cortez
742,Together,Clothing,476.93,405,2024-08-22,Modern stop act indicate change attack with find.,Gonzalez Inc
743,Note,Toys,186.28,96,2024-03-01,Behind person organization at player third general add cover exist.,Silva-Torres
744,Probably,Beauty,406.37,75,2023-11-28,Various night political dark or bill describe condition nor camera mission.,"Miranda, Rivera and Ingram"
745,Person,Home & Kitchen,194.27,242,2024-08-24,Whom say pattern training decide able discussion describe upon.,"Thomas, Martin and Baxter"
746,Game,Electronics,39.89,62,2024-03-14,Case southern international line few service.,Castro Group
747,Staff,Toys,124.15,267,2024-01-01,Great stuff first back painting degree coach plant everyone central join kid.,"Mccormick, Jennings and Grant"
748,Learn,Sports,451.91,196,2024-07-26,Concern term talk side generation interest pay then turn course.,White-Adkins
749,Action,Clothing,292.16,325,2024-08-24,Guess crime only foreign treat trouble me actually event positive politics.,Williams-Dominguez
750,Environment,Books,441.26,435,2024-07-17,Arm occur air responsibility likely parent lawyer community seek positive nation billion hard party.,"Hernandez, Fitzgerald and Pitts"
751,Catch,Electronics,22.02,198,2024-09-18,Street budget kitchen report fire teach everyone system pretty scene four.,"Charles, Stewart and Fletcher"
752,Western,Home & Kitchen,429.95,70,2024-07-10,Might wait idea study prove assume stay may rock base.,Williams-Franklin
753,Risk,Home & Kitchen,137.89,319,2023-10-02,Common section study about event go game nothing recent not leg.,Hardin and Sons
754,Show,Electronics,71.58,199,2024-01-30,Fish phone after college action point least theory.,Parker Ltd
755,Quality,Beauty,211.62,434,2024-06-29,Section scene financial here expert everything north including.,Nelson and Sons
756,Cost,Books,392.35,400,2023-10-10,Recently enough majority official give politics last piece story.,Herring PLC
757,Image,Clothing,218.58,356,2024-08-13,Notice year its position radio eye garden why necessary sea especially message.,Scott Group
758,Every,Electronics,380.3,204,2023-11-27,Military piece little level follow nor probably.,Morris Inc
759,Professional,Books,195.42,424,2024-01-18,City little from total cost group.,Owens and Sons
760,Soldier,Electronics,414.43,283,2024-02-27,Speak lead office itself human street education health full question feel.,Hines PLC
761,Box,Toys,58.94,426,2023-12-15,Similar west husband agreement mention two though whole wall cup win.,Anderson LLC
762,Story,Electronics,144.9,167,2024-04-09,Finally she soon learn close a challenge.,Turner Inc
763,Crime,Clothing,167.5,35,2023-12-07,Job right child new simply above city beyond.,"Mcdaniel, Hale and Durham"
764,Relate,Toys,425.29,29,2023-12-21,Relationship several benefit campaign several card significant today star room interesting.,Ferguson-Reed
765,Relationship,Sports,30.36,126,2024-08-14,Agree those concern dog gun may ability out huge back discover matter analysis.,Graham-Morgan
766,Ready,Clothing,394.77,396,2024-02-15,Character find push lose end western conference huge military blood south.,Parks-Garcia
767,Travel,Toys,35.49,238,2024-05-05,Claim can medical rather activity president.,"Morales, Wise and Turner"
768,Evening,Sports,173.01,475,2024-04-15,Page sort late health list friend movement.,Rodriguez-White
769,Language,Home & Kitchen,72.33,371,2023-11-13,That bag according way remain election method pass the itself.,Campbell-Martinez
770,Might,Toys,488.07,496,2023-11-30,Anyone out hard international push short age environment fall indicate.,Nguyen-Fields
771,Pick,Electronics,326.74,164,2024-06-30,Rule most how compare movement call certain management throughout generation.,Barker-Sanchez
772,That,Beauty,307.52,303,2024-02-01,Notice American force although participant rich speech big mention rise front PM.,Henderson-Johnson
773,Skin,Books,339.49,22,2024-02-25,Student item bring court end field method.,Benson Inc
774,House,Home & Kitchen,196.74,126,2024-03-14,Democrat very ever read control maybe animal human consider expect above debate.,Sandoval-Hill
775,Maintain,Home & Kitchen,229.39,112,2024-08-16,Best different remember determine particularly rock participant leave inside organization.,"Price, Spears and Smith"
776,Grow,Books,222.97,193,2024-02-07,State charge take material mother color hope idea produce number.,Welch PLC
777,Hair,Electronics,124.64,327,2024-01-12,Security morning fight seem later level choose once.,"Bell, Reynolds and Forbes"
778,Agency,Beauty,261.99,491,2024-05-03,News make doctor TV capital parent sure best design.,Duncan and Sons
779,Treatment,Clothing,316.17,226,2024-06-17,Nearly goal design too everything side picture professional rather plan player.,"Nichols, Myers and Trevino"
780,Miss,Beauty,276.86,215,2024-01-14,Experience under church them hundred about stop several prevent raise better.,"Delgado, Mccann and Jenkins"
781,Provide,Electronics,96.51,146,2023-11-10,Difference particular me ball number impact age particular coach personal range weight age.,"Stephenson, Valdez and Arnold"
782,Treat,Clothing,283.99,183,2024-04-28,Leader rich dream line require current car ask.,Clark Group
783,Machine,Clothing,447.11,190,2024-03-15,Kitchen drop computer left political sound study the training each reveal attorney security.,"Rhodes, Camacho and Cowan"
784,Training,Toys,177.2,395,2024-06-13,Situation whatever third Mr respond parent.,"Espinoza, Gonzales and Carey"
785,As,Books,279.26,40,2023-10-25,Stock rise always human until picture key skin billion suggest serious.,"Molina, Rodriguez and Jackson"
786,Itself,Sports,287.76,91,2024-09-12,Center during lot enough form really leader remember sell serious.,Phillips-Wallace
787,Store,Toys,318.6,141,2024-03-21,Nothing organization seven challenge eye determine he guy fact.,"Moore, Walters and Alvarez"
788,Less,Sports,12.43,404,2024-03-07,Child source campaign parent teacher either direction surface on.,Silva LLC
789,Himself,Sports,470.83,241,2024-03-09,Seat you image peace color general choose system fire hear tend magazine.,Harrell Group
790,Continue,Toys,144.81,263,2024-05-17,Add water garden finally difference everything sing smile practice ground.,Hudson-Fowler
791,Actually,Beauty,461.61,85,2024-06-19,Together scientist hair allow phone weight medical even which suggest Mrs bag.,Griffin PLC
792,End,Clothing,44.09,416,2024-07-16,Something consumer view tax direction response concern without entire.,Davis-Lee
793,Then,Electronics,126.08,306,2024-03-22,Mission article dinner one ok less Mr.,Flores Ltd
794,Baby,Clothing,19.1,219,2024-03-18,Bring bar culture my Democrat maintain notice ok technology born though since.,Chapman Ltd
795,Possible,Beauty,72.52,442,2024-09-16,Yeah edge imagine establish piece forget low exist population enough mother.,Hill-Hoffman
796,For,Sports,386.09,433,2024-04-26,Born series consider according throw meeting many condition set pull behind.,Peterson-Mcdaniel
797,Test,Clothing,103.95,451,2024-05-15,Single several degree maybe floor most bill feel.,"Clark, Powers and Morris"
798,Dark,Beauty,401.85,250,2023-10-06,Skill system particular church what wonder president small sister especially usually.,Michael-Davenport
799,Hospital,Clothing,385.21,162,2024-03-22,Free government seat last interesting hour individual several identify.,Gomez-Trujillo
800,Loss,Beauty,234.62,149,2023-10-24,Affect region decade respond far health focus so for.,"Stevenson, Salinas and Williamson"
801,Less,Beauty,342.24,101,2023-10-13,Blood during for look return like wife animal process.,"Moyer, Mccarthy and Wright"
802,Policy,Home & Kitchen,13.85,334,2023-11-10,Arrive argue garden Mrs just exist line thing available with.,"Gutierrez, Hernandez and Hernandez"
803,Firm,Home & Kitchen,23.24,88,2024-03-18,No just foreign national produce news stage ready.,Barton Inc
804,Truth,Beauty,366.19,341,2024-06-26,Whatever guess significant section Democrat fly direction gun current will.,Scott-Adkins
805,Agency,Clothing,91.78,325,2024-05-22,Politics interview south something story art writer.,Smith-Kim
806,Almost,Home & Kitchen,246.65,337,2023-12-29,So man offer plant same north wind sister mother sometimes.,Berry Group
807,Poor,Sports,331.63,142,2023-12-10,Sell short issue everybody later thing school practice.,White PLC
808,Group,Toys,87.37,454,2024-01-15,Sit science way threat husband family perhaps hope across follow character talk.,"Craig, Nguyen and Ellis"
809,Reduce,Clothing,327.32,20,2024-01-21,Understand throw resource officer country challenge final beyond mouth war always camera give.,Murphy LLC
810,Without,Clothing,241.61,52,2024-07-02,Cut clear yard do turn sign agree there.,Martinez-Gould
811,Agree,Toys,353.06,47,2024-03-31,Herself land human day herself sport behavior compare.,"Ramsey, Martinez and Sherman"
812,Camera,Toys,301.12,259,2024-01-21,Group yet indeed decision before medical long meet war administration herself information which.,Gomez LLC
813,Think,Electronics,89.14,301,2024-06-21,Watch present director red practice special then administration who role today.,Taylor and Sons
814,Cost,Home & Kitchen,371.94,315,2024-09-06,Campaign choose reason several article sort.,"Guerrero, Watson and Perry"
815,Coach,Toys,244.68,154,2024-01-12,Company million character speak protect half understand skill.,Jimenez LLC
816,International,Sports,499.99,499,2023-11-06,Training enter fly situation former threat alone the trial another.,Farmer-Sharp
817,Condition,Clothing,390.45,172,2024-02-26,Address today begin write both little work.,"Alexander, Vincent and Pacheco"
818,A,Books,403.49,35,2024-07-10,Light total campaign prevent half party respond local see system cultural despite.,Trujillo and Sons
819,Down,Sports,366.54,126,2024-04-01,Sea response executive past economic economy role.,Murphy-Dickson
820,Relate,Home & Kitchen,240.99,49,2024-08-15,Might write entire tonight foreign hear certainly say surface security son place.,Petty Inc
821,Character,Sports,396.61,24,2024-02-27,Structure down however activity lose tax.,Fuller PLC
822,Into,Toys,304.17,267,2024-07-18,Law enjoy key seat pretty method front you.,Scott Group
823,Sport,Home & Kitchen,440.32,150,2024-03-14,Professional property garden mind as half politics who call dinner leader.,Martinez Ltd
824,Find,Clothing,216.48,348,2024-06-10,Film job worker bar term measure huge wait your crime.,"Walker, Smith and Quinn"
825,Health,Home & Kitchen,62.06,255,2023-12-04,Sister none most another mouth much really young coach city quite play teacher.,Bridges Ltd
826,Civil,Home & Kitchen,407.33,28,2024-03-03,Interest dark any wide husband hope miss instead live focus return feel avoid.,"Peters, Collins and Leblanc"
827,Position,Home & Kitchen,144.26,45,2023-10-01,Arrive improve century state share southern.,Myers and Sons
828,Race,Toys,98.79,10,2023-10-07,Option eat go difficult we cell husband rise one public day.,Chambers LLC
829,Activity,Sports,186.17,143,2024-03-20,Minute modern sign out discussion just state.,"Paul, Gibson and Jones"
830,Somebody,Sports,160.36,440,2024-08-08,Themselves we American study eight phone international collection report tend.,Blake-Walker
831,Board,Electronics,34.63,365,2024-04-01,Where ten drop sure manager reduce it arm black show success run toward.,"Romero, Barnes and Huff"
832,Heavy,Electronics,134.74,312,2024-03-14,Big south drug manager opportunity program.,Osborn Ltd
833,Method,Home & Kitchen,159.32,104,2024-08-29,Study heart million understand him own opportunity soldier west offer brother shake guess.,"Fletcher, Munoz and Ochoa"
834,Serious,Sports,489.05,26,2024-05-03,Girl small system of mission vote.,"Garner, Reynolds and Odonnell"
835,Direction,Home & Kitchen,213.34,192,2023-11-18,Agency watch better turn soon rock support effect.,"Cooper, Beltran and Wright"
836,Like,Beauty,353.16,130,2024-02-06,Foot recognize play shoulder civil next.,"Wong, Yang and Mullins"
837,Statement,Beauty,223.82,488,2023-11-10,Suddenly task free pattern science structure dinner stock.,Sloan Inc
838,Purpose,Toys,438.84,377,2024-05-08,Perform police series dark task magazine front just guess city.,Morris Inc
839,Customer,Home & Kitchen,496.87,334,2023-11-30,Training record night series Mrs huge receive cup bed.,"Melendez, Alvarado and Phelps"
840,Child,Sports,78.3,114,2023-11-11,Mouth however TV billion what sport thought family now bank.,Ramos Inc
841,Else,Home & Kitchen,127.5,76,2024-07-28,Property event manager street work early difficult.,"Cain, Thomas and Phillips"
842,Against,Beauty,56.36,96,2023-11-27,Low keep news your court control million hundred offer total hit end someone.,Lara-Baker
843,Hospital,Books,206.55,272,2024-01-27,Floor ground when care team worry east Mrs can.,"Erickson, Nichols and Garcia"
844,The,Home & Kitchen,440.18,180,2023-10-23,Result response population never world let off apply.,"Kim, Garza and Brown"
845,Congress,Electronics,437.45,28,2024-04-27,Large practice time live relationship as great western everybody edge to agree our.,Padilla-Bender
846,Individual,Clothing,401.86,227,2023-11-13,Finally recent fight discussion sometimes meet imagine short woman only television.,"Brown, Webster and Matthews"
847,Stage,Electronics,283.6,129,2024-06-13,As including claim create woman similar writer structure ahead up rock forward behind.,Berry-Rush
848,Impact,Beauty,280.43,57,2024-06-01,High listen suggest consumer find concern involve edge before employee customer.,Duke-Schultz
849,Group,Toys,494.98,269,2024-04-28,Model after paper word arrive health collection.,"Smith, Murphy and Torres"
850,Such,Home & Kitchen,138.22,215,2024-02-01,Hear attorney common PM marriage movement wish best raise choice hear computer key.,Romero Group
851,Allow,Home & Kitchen,377.15,245,2024-09-09,Very thousand soldier build various various.,Bailey and Sons
852,Performance,Home & Kitchen,451.63,423,2023-12-22,Too marriage page young turn visit up nature.,Bowers-Raymond
853,Relate,Home & Kitchen,448.51,334,2024-01-14,Full hand dream stage could identify.,Brown-Haas
854,Media,Beauty,57.14,277,2024-08-30,Better mind professional fly month offer mother hour national cut fly language cup.,"Simmons, Graham and Miller"
855,Agent,Toys,228.12,186,2024-02-05,Focus machine home marriage skill expert range.,Rose Inc
856,Cup,Electronics,15.45,130,2024-03-27,Throughout security number community finish answer agreement whom his.,Brandt-Williams
857,That,Sports,136.57,485,2024-09-22,School model condition he recognize treat better wear throughout Republican authority.,Simpson PLC
858,Push,Home & Kitchen,470.45,265,2023-12-18,And high too break fact toward.,"Cervantes, Guerra and Joyce"
859,In,Beauty,370.83,261,2024-04-13,Head study and center east protect think institution.,"Mckinney, Barrera and Collins"
860,Yard,Sports,343.48,490,2023-12-03,Important act statement help successful couple single effect action.,"Foster, Dominguez and Cole"
861,Recognize,Sports,105.76,147,2024-02-17,Audience boy city social at Mr cold science.,"Espinoza, Neal and Mitchell"
862,Few,Books,217.21,36,2024-01-09,End set house those dark beat suffer customer million along long born also.,Lopez-Farmer
863,Sure,Electronics,494.88,98,2024-09-12,Job he scene kind shoulder production mean window shoulder.,"Stewart, Carroll and Fry"
864,Growth,Beauty,334.01,289,2024-03-01,Two glass customer popular hospital check factor as contain.,Rogers Ltd
865,Leg,Electronics,80.9,63,2024-08-09,Attorney early more news century who arm range improve move peace.,Ramsey LLC
866,Hospital,Electronics,355.34,170,2024-06-01,Top range accept about around hold note.,Gill Inc
867,Organization,Home & Kitchen,255.45,484,2023-12-29,After station live number history rate.,Cole-Adkins
868,Result,Toys,338.09,429,2024-04-17,Economic woman PM look together lawyer these difference expert room white home either.,Richardson Inc
869,Lay,Beauty,217.2,299,2024-06-30,Century least represent must dinner I style good walk.,Stephenson-Murray
870,Local,Toys,73.44,281,2024-04-25,Less full program card morning early Republican nothing way role.,"Cox, Ford and Huffman"
871,Structure,Toys,473.45,440,2024-01-20,Popular degree center board present feel strategy simple perhaps anything.,Morgan and Sons
872,Receive,Toys,90.06,364,2024-06-05,It wall agency deal note common worker quite shoulder political offer song.,Jenkins Group
873,Else,Beauty,103.36,424,2024-04-19,Several main particular shake most physical along.,Buchanan Inc
874,Against,Electronics,201.82,235,2024-04-13,Former bed use ground season when.,Pittman-Cox
875,Where,Books,282.05,126,2024-08-10,Toward land full compare field sort civil thing clear budget travel important no.,"Harrison, Lucero and Vaughn"
876,Well,Clothing,442.34,421,2024-09-28,Professional chair knowledge sense career herself here.,Wang PLC
877,Rise,Beauty,221.15,424,2024-05-11,Us once consider thus wife water note those write though.,Thompson PLC
878,First,Sports,297.98,339,2024-04-09,True book various whether culture plant factor society skill great worker.,Smith-Vance
879,Key,Clothing,329.89,479,2024-04-08,Surface court exactly minute trouble majority town appear draw fill.,Ferrell-Morgan
880,Explain,Sports,161.6,13,2024-07-18,Process four all the unit action off few current like home.,"Powers, Terry and Rogers"
881,Suggest,Home & Kitchen,366.4,451,2023-12-01,Imagine garden wall rest need major entire tree try be program.,Hensley-Huang
882,Agency,Beauty,205.27,12,2024-06-01,South blood avoid health child soon single.,Smith Inc
883,Since,Beauty,392.83,418,2023-11-26,Thank pay choose personal the leave them skill black business.,"Taylor, Hardin and House"
884,Cultural,Electronics,223.14,331,2024-05-18,About social do anyone bag fly more.,Roth-Erickson
885,Mission,Home & Kitchen,85.79,285,2024-08-09,Light rule option team kind medical bag wind.,Thomas-Weaver
886,Current,Sports,295.73,226,2024-09-24,Reflect away cost focus yeah class play.,"Phillips, Gutierrez and Davidson"
887,Discover,Toys,94.91,333,2023-10-18,Station save most pressure why edge senior ask artist.,Orr-Brown
888,Someone,Beauty,290.54,416,2024-04-29,Bag share respond activity season because open trouble guess race question.,Carroll Ltd
889,Those,Books,336.31,354,2024-03-07,Group specific have feel major national seat direction color real important.,Nguyen-Hogan
890,You,Toys,243.87,18,2024-05-21,Than less check scene history wear them small high that change.,Smith-Moody
891,Recently,Clothing,331.85,280,2024-07-04,Or contain believe hospital change front against.,Moore-Gallegos
892,Too,Home & Kitchen,456.16,80,2024-01-24,Direction main rich item water civil why art which.,Benton Ltd
893,Me,Home & Kitchen,397.77,407,2024-07-01,Center million management describe make whatever place full financial.,"Patterson, Martinez and Anderson"
894,Father,Books,400.79,462,2024-06-01,Southern ten hard wife as language indicate decide for do.,Schultz-Winters
895,Maybe,Beauty,426.54,42,2024-03-13,Never officer former create camera focus plan wife director.,"Lynch, Li and Wright"
896,Order,Toys,223.1,432,2024-06-29,Finish thing his chance focus more.,Morrison-Macdonald
897,Should,Books,228.93,471,2024-03-25,Last since social everybody central summer.,Wells and Sons
898,Property,Electronics,379.42,443,2024-03-21,Green per no situation what machine fire third customer specific.,Rosario PLC
899,Point,Electronics,60.04,435,2024-05-05,Safe save crime sometimes executive so institution stand action.,Harris-Phillips
900,Air,Sports,191.1,307,2023-10-03,Bad let travel challenge personal new order serve blue event every.,"Obrien, Mitchell and Willis"
901,Future,Electronics,195.04,131,2023-10-08,Appear force local center story heart agent.,Lucas-Foster
902,General,Home & Kitchen,119.11,9,2024-07-02,Poor food series always memory reveal.,"Anderson, Brown and Jones"
903,Civil,Electronics,155.56,149,2024-07-20,Clear research begin growth ground ball gas attorney hundred artist indicate smile.,"Moore, Carson and Olsen"
904,List,Clothing,487.1,477,2024-02-29,Several than dinner argue raise agency poor.,"Perez, Williams and Robinson"
905,Early,Clothing,164.55,489,2024-02-21,May follow series prove affect she man.,"Espinoza, Perry and Jones"
906,Decision,Home & Kitchen,214.68,304,2024-06-17,Decade old according reduce ok happy.,Sanders and Sons
907,Not,Electronics,100.75,452,2023-12-10,Season example news memory civil cut parent free force employee budget experience agreement owner.,"Powers, Carrillo and Harris"
908,Budget,Electronics,482.61,14,2023-12-20,Source sea them customer now section strategy purpose though stand.,Ford-Holland
909,Drug,Home & Kitchen,167.72,205,2023-11-12,Describe agency actually stop team deal water home force.,Guzman-Martin
910,Million,Toys,255.92,271,2024-03-23,Others some project visit back blue a all anyone action ever a knowledge.,"Carroll, Moore and Brown"
911,Dinner,Sports,128.98,339,2023-11-15,Wife score health evidence president father alone build.,Baker and Sons
912,Camera,Sports,324.71,99,2024-07-28,They usually company both right lay.,"Neal, Nelson and Johnson"
913,Order,Toys,331.43,239,2024-04-26,Rule check assume question air market.,Gutierrez-Dudley
914,Part,Electronics,281.96,184,2023-11-13,Where then report rest dark environment.,"Nelson, Wiggins and Young"
915,Line,Beauty,297.1,162,2024-02-26,Yet analysis none tax next reflect.,Baldwin Ltd
916,Anyone,Books,416.75,493,2024-04-23,Because happen star name health top risk must fly police.,Thompson-Morales
917,Manage,Books,281.88,258,2023-10-28,Challenge pull threat put imagine which beat education case.,Brewer-Hayes
918,Notice,Beauty,232.3,37,2024-01-17,Threat gas truth work certain game plan seat.,"Taylor, Velasquez and Harris"
919,Room,Toys,442.44,22,2024-04-26,Statement thing wrong name mind offer effort.,"Ortega, Martin and Perez"
920,Security,Beauty,159.56,30,2023-12-08,Major for student health view mission standard despite go impact.,Perez Ltd
921,Long,Clothing,217.52,496,2024-01-17,Respond throw wide son manager trouble reason fill.,Turner-Clark
922,Pull,Electronics,474.93,93,2024-01-22,Age all building control simply author effect week.,Duffy-Stanley
923,Action,Sports,143.65,399,2024-08-25,Feel hold decade investment operation long pass among man all floor all red.,Mullins-Carrillo
924,Knowledge,Sports,49.26,55,2024-08-17,Per go will make agree although maintain town little myself bar right resource.,Gibson Ltd
925,Green,Clothing,104.33,61,2024-07-12,Worker alone finally since take describe improve act campaign television sit very know.,"White, Hill and Cunningham"
926,Suddenly,Home & Kitchen,472.31,101,2023-11-23,Education brother might community later table.,Roberts LLC
927,Last,Electronics,231.81,96,2024-06-19,Why baby lot eat hold season president.,Barton Inc
928,Five,Clothing,129.69,203,2024-03-28,Future raise suffer director know red treatment big.,Anderson PLC
929,Order,Electronics,86.0,270,2024-04-27,Many some involve remain today happy myself industry almost job reduce.,Brown LLC
930,Understand,Sports,258.51,409,2024-05-10,Listen medical during until case agency beat cost cultural process.,"Brooks, Baker and Jones"
931,Strategy,Sports,420.72,389,2023-10-17,Old break always dark feel second hospital head.,"French, Rodriguez and Wade"
932,Pay,Home & Kitchen,325.74,451,2024-03-30,Field specific floor during lose degree.,"Wells, Mendoza and Garcia"
933,Important,Home & Kitchen,138.09,247,2023-10-24,Must sound certainly camera member technology attention message would not east send style gun.,Clayton Group
934,As,Beauty,104.02,493,2024-03-11,Amount fly house cover risk health last student different traditional look.,"Oneal, Lucas and Campos"
935,Coach,Clothing,128.84,492,2024-09-19,Miss market avoid outside individual no relate since significant always everyone exactly practice.,Turner-Nichols
936,General,Books,354.31,32,2024-07-24,Memory history that read receive type painting produce off light before majority.,Patel-Jensen
937,At,Books,120.43,414,2024-09-15,Environmental even eye message fine town trade not give fill stay military in enough.,Santiago-Lopez
938,Position,Beauty,302.1,399,2024-08-29,Soon read couple rather Republican need daughter.,Perkins-Thompson
939,Shake,Sports,479.1,475,2023-12-19,Police day so store consumer positive market early machine.,Randolph-Stevens
940,Growth,Clothing,27.97,328,2023-10-14,Paper education whom spend worker about country various until.,Donovan-Pierce
941,Tend,Books,437.35,162,2023-10-12,Note current anything into word other live hit budget Congress guess soon.,Williams Inc
942,Fall,Electronics,456.31,381,2024-05-31,Movement camera benefit sea institution always produce art born with rest exist drive.,Montgomery PLC
943,Society,Books,109.11,281,2024-02-06,Government door age once several commercial whom himself my admit civil number pass.,Pacheco-Martinez
944,Employee,Beauty,271.33,328,2023-10-25,Determine least close community detail blue draw final often outside hit.,Hall Inc
945,Issue,Sports,472.11,15,2024-01-21,Kind school his past herself must even think man smile model.,Smith-Romero
946,Important,Beauty,380.17,330,2024-07-08,Paper health region over recognize help small debate fire if eat.,Roach-Gray
947,Understand,Toys,121.83,70,2024-03-16,Rather none population ask require against.,"Reed, James and Henry"
948,Shake,Toys,194.41,306,2023-10-07,Become effort direction hand young long collection table population out special.,Werner LLC
949,Anything,Beauty,200.69,411,2023-10-26,Bed trouble begin receive anyone bad use laugh.,Thomas-Graham
950,Truth,Clothing,380.08,90,2024-02-20,Important coach at the per of situation the.,"Thompson, Kelley and Mcmahon"
951,Want,Clothing,449.38,439,2023-12-31,Admit which owner baby significant especially situation move single.,"Hodges, Cummings and Hernandez"
952,Work,Clothing,218.84,127,2023-11-14,Skin for commercial evening spend may thus hour cold.,Moore-Anderson
953,Training,Home & Kitchen,155.27,177,2024-09-19,Off evidence early compare body eat policy senior attack help.,Mitchell PLC
954,Successful,Toys,310.6,273,2024-01-24,Nearly risk threat level positive mind skill officer study if edge.,Jackson-Hodge
955,Card,Beauty,472.99,134,2023-10-29,Deal outside happen fear page include.,Evans-Johnson
956,Message,Clothing,298.44,496,2024-09-23,Democratic simple seek last opportunity serve.,Banks LLC
957,Individual,Clothing,84.29,412,2024-04-06,Administration dinner keep main letter let think.,Anderson-Moyer
958,Else,Clothing,67.53,6,2024-02-28,Far apply let hit president item our.,Nicholson-Arnold
959,Amount,Beauty,25.28,8,2024-05-01,Attack former financial medical action big season no art meeting piece he.,Powell-Lindsey
960,Magazine,Books,383.21,337,2024-08-28,Force happy song one third serve item method program nature see media your.,Fitzpatrick Group
961,Give,Sports,76.94,275,2024-09-27,Rule play century several cultural pattern every detail analysis activity card.,Hudson-Butler
962,That,Clothing,380.3,193,2024-08-26,Natural effort trouble a at teach enter lot at life wonder.,"Snyder, Miller and Stevens"
963,Way,Books,75.38,315,2023-12-06,Road head light what officer nature top score place force choose radio respond.,"Fleming, Drake and Osborne"
964,Else,Clothing,37.22,131,2023-12-04,Its evening vote feel win yard.,Crane LLC
965,Suddenly,Beauty,357.38,411,2024-06-19,Blood challenge difference situation thing eat toward unit recently.,"Cox, Newton and Barnes"
966,Glass,Books,71.79,377,2024-04-17,Drug performance way production simple unit arm.,Briggs-Moore
967,Material,Electronics,28.38,381,2024-02-24,Visit brother dog these man when open if support expert.,"Ballard, Rogers and Harper"
968,Personal,Toys,70.83,409,2023-10-29,Beyond bank scene change investment to various.,"Wong, Braun and Smith"
969,Cost,Electronics,222.29,145,2024-01-20,Fact such quickly truth record program beautiful.,Orozco LLC
970,Black,Electronics,371.24,138,2024-05-26,Bank always a two smile today station make environment fact student author partner.,Brown PLC
971,Together,Books,132.36,133,2024-04-27,Poor record benefit paper ready allow system professor.,"Kennedy, Chavez and Lynn"
972,Follow,Books,340.59,356,2024-08-02,Individual us some suggest program decision leave reflect already arrive themselves.,Rodriguez Group
973,Card,Clothing,290.61,443,2024-05-19,Executive four floor dream loss important.,"Barnett, Powers and Daniel"
974,Five,Sports,246.08,69,2024-05-29,Time prevent hair hospital generation any subject sound.,Lopez-Jimenez
975,Reason,Toys,214.72,111,2024-07-10,Last staff seat religious probably when seem test contain than.,Best Group
976,Better,Toys,200.51,123,2024-06-02,Challenge this drive page whatever trade result individual side place.,"Cooper, Mendez and Rogers"
977,Book,Toys,262.42,189,2023-12-23,Cut challenge quite tax season event hospital more opportunity unit cultural show.,"Mcbride, Gibson and Ball"
978,Officer,Books,322.57,224,2023-10-30,You lead expect adult operation whole artist stop individual less this occur.,Davenport-Walker
979,Evidence,Books,392.48,217,2024-01-18,Stage protect often house above director.,Crane Group
980,Edge,Toys,338.59,243,2024-04-22,Involve when sort event sport national.,Smith-Oneill
981,Significant,Beauty,338.63,176,2024-07-14,Shoulder professional market oil move need sister talk understand.,Castro-Murphy
982,Offer,Sports,221.65,400,2024-07-25,Add involve forget early look between use room.,Sandoval Ltd
983,Even,Toys,325.2,295,2023-12-18,Town daughter clearly best use finally my nature.,Jones and Sons
984,Tv,Electronics,499.27,19,2023-11-06,Well at show serve establish condition.,Morgan-Mason
985,Thing,Beauty,185.59,192,2024-09-27,Let business property everything bar smile good hold country war rise treat.,"Brock, Mcguire and Miller"
986,At,Clothing,47.0,211,2024-04-23,Garden miss ready create yard serious goal.,Castaneda-Sparks
987,Lay,Electronics,376.54,138,2024-02-04,Simply I cold perform low only recently wish seat strong value sit.,"Townsend, Hughes and Day"
988,Decide,Electronics,103.3,140,2024-04-08,Laugh about green write value possible.,Brady-Smith
989,Forward,Beauty,266.12,422,2024-02-28,Be successful organization no bring career manager you rise future person.,Hartman Ltd
990,Free,Clothing,132.66,298,2024-01-14,Mr international although blood voice professor your receive staff.,Ramirez Group
991,Bad,Home & Kitchen,268.49,437,2024-09-13,Avoid final feel age wonder foreign Republican thank use owner.,Cox Inc
992,Everything,Beauty,362.05,213,2024-03-17,Five buy office old bad any find set senior tree.,Cain PLC
993,Worry,Home & Kitchen,78.81,274,2023-10-23,Father need father time sell American try information price especially appear attention.,"Smith, Vance and Williams"
994,Table,Books,152.41,28,2024-08-07,My enough opportunity night some bank collection possible notice term piece.,Ruiz Ltd
995,Section,Clothing,494.41,438,2024-04-20,Scene state radio draw impact race themselves office.,"Parsons, Lopez and Kelley"
996,Artist,Toys,376.84,206,2023-11-19,Party home stay fall carry wind in official.,Wright-Chase
997,Capital,Sports,201.49,17,2023-10-06,Effort painting ability boy opportunity section reality office sport oil whose.,Anderson Inc
998,During,Clothing,91.21,457,2024-01-03,Rule range card design where off.,"Clark, Rodriguez and Horton"
999,Job,Electronics,480.97,238,2024-06-26,Deal certain right size than foot in process quite kitchen.,Hodge and Sons
1000,Design,Toys,55.28,354,2024-07-03,Could program water drug major event any able less article.,Goodman PLC
